-- MySQL dump 10.13  Distrib 8.0.13, for Win64 (x86_64)
--
-- Host: localhost    Database: db_bdh
-- ------------------------------------------------------
-- Server version	8.0.13

/*!40101 SET @OLD_CHARACTER_SET_CLIENT=@@CHARACTER_SET_CLIENT */;
/*!40101 SET @OLD_CHARACTER_SET_RESULTS=@@CHARACTER_SET_RESULTS */;
/*!40101 SET @OLD_COLLATION_CONNECTION=@@COLLATION_CONNECTION */;
 SET NAMES utf8 ;
/*!40103 SET @OLD_TIME_ZONE=@@TIME_ZONE */;
/*!40103 SET TIME_ZONE='+00:00' */;
/*!40014 SET @OLD_UNIQUE_CHECKS=@@UNIQUE_CHECKS, UNIQUE_CHECKS=0 */;
/*!40014 SET @OLD_FOREIGN_KEY_CHECKS=@@FOREIGN_KEY_CHECKS, FOREIGN_KEY_CHECKS=0 */;
/*!40101 SET @OLD_SQL_MODE=@@SQL_MODE, SQL_MODE='NO_AUTO_VALUE_ON_ZERO' */;
/*!40111 SET @OLD_SQL_NOTES=@@SQL_NOTES, SQL_NOTES=0 */;

--
-- Table structure for table `tbl_admin`
--

DROP TABLE IF EXISTS `tbl_admin`;
/*!40101 SET @saved_cs_client     = @@character_set_client */;
 SET character_set_client = utf8mb4 ;
CREATE TABLE `tbl_admin` (
  `admin_id` int(11) NOT NULL AUTO_INCREMENT,
  `email` varchar(45) DEFAULT NULL,
  `password` varchar(100) DEFAULT NULL,
  `admin_name` varchar(255) DEFAULT NULL,
  PRIMARY KEY (`admin_id`)
) ENGINE=InnoDB AUTO_INCREMENT=2 DEFAULT CHARSET=utf8;
/*!40101 SET character_set_client = @saved_cs_client */;

--
-- Dumping data for table `tbl_admin`
--

LOCK TABLES `tbl_admin` WRITE;
/*!40000 ALTER TABLE `tbl_admin` DISABLE KEYS */;
INSERT INTO `tbl_admin` VALUES (1,'hunggokai@gmail.com','e10adc3949ba59abbe56e057f20f883e','Hưng Lưu');
/*!40000 ALTER TABLE `tbl_admin` ENABLE KEYS */;
UNLOCK TABLES;

--
-- Table structure for table `tbl_baiviet`
--

DROP TABLE IF EXISTS `tbl_baiviet`;
/*!40101 SET @saved_cs_client     = @@character_set_client */;
 SET character_set_client = utf8mb4 ;
CREATE TABLE `tbl_baiviet` (
  `baiviet_id` int(11) NOT NULL AUTO_INCREMENT,
  `tenbaiviet` varchar(100) DEFAULT NULL,
  `tomtat` text,
  `noidung` text,
  `baiviet_image` varchar(100) DEFAULT NULL,
  PRIMARY KEY (`baiviet_id`)
) ENGINE=InnoDB AUTO_INCREMENT=8 DEFAULT CHARSET=utf8;
/*!40101 SET character_set_client = @saved_cs_client */;

--
-- Dumping data for table `tbl_baiviet`
--

LOCK TABLES `tbl_baiviet` WRITE;
/*!40000 ALTER TABLE `tbl_baiviet` DISABLE KEYS */;
INSERT INTO `tbl_baiviet` VALUES (5,'Sự Kiện Giải Chạy Half Marathon Bình Dương 2023',NULL,'<p><strong>Giải chạy Half Marathon B&igrave;nh Dương</strong>&nbsp;l&agrave; một trong những sự kiện được diễn ra h&agrave;ng năm. Được tổ chức lần đầu ti&ecirc;n tại Th&agrave;nh phố mới B&igrave;nh Dương v&agrave;o năm 2021. Nhằm thỏa m&atilde;n đam m&ecirc; cũng như h&ograve;a chung c&ugrave;ng sự lớn mạnh của phong tr&agrave;o chạy bộ cả nước.</p>\r\n\r\n<p><strong>Giải chạy Half Marothon B&igrave;nh Dương 2023</strong>&nbsp;thu h&uacute;t hơn 1.600 người đăng k&yacute; tham gia tr&ecirc;n khắp cả nước. Lễ ph&aacute;t động Ng&agrave;y chạy Olympic v&igrave; sức khỏe to&agrave;n d&acirc;n v&agrave; khai mạc&nbsp;<em><strong>Giải Half Marathon B&igrave;nh Dương</strong></em>&nbsp;v&agrave;o ng&agrave;y 12.03.2023. Theo đ&oacute;, c&aacute;c vận động vi&ecirc;n sẽ tranh t&agrave;i ở 3 cự ly : cự ly Half Marathon &ndash; 21 km từ 16 tuổi trở l&ecirc;n; cự ly 10 km &ndash; từ 12 tuổi trở l&ecirc;n; cự ly 5 km &ndash; từ 12 tuổi trở l&ecirc;n.</p>\r\n\r\n<p><img alt=\"su kien giai chay half marathon binh duong 2023 1\" src=\"https://greengroupbinhduong.com/wp-content/uploads/2023/03/z4173785366022_f00215639233cd22b396cbae393912a6-1400x787.jpg\" style=\"height:573px; width:1020px\" /></p>\r\n\r\n<p><em>Kh&acirc;u chuẩn bị trước sự kiện</em></p>\r\n\r\n<p>NỘI DUNG</p>\r\n\r\n<p>&nbsp;</p>\r\n\r\n<ul>\r\n	<li><a href=\"https://greengroupbinhduong.com/su-kien-giai-chay-half-marathon-binh-duong-2023#1Thong_tin_ve_su_kien_giai_chay_Half_Marathon_Binh_Duong_2023\">1.Th&ocirc;ng tin về sự kiện giải chạy Half Marathon B&igrave;nh Dương 2023</a></li>\r\n	<li><a href=\"https://greengroupbinhduong.com/su-kien-giai-chay-half-marathon-binh-duong-2023#2Mot_so_hinh_anh_tai_su_kien_giai_chay_Half_Marathon_Binh_Duong_2023\">2.Một số h&igrave;nh ảnh tại sự kiện giải chạy Half Marathon B&igrave;nh Dương 2023</a></li>\r\n	<li><a href=\"https://greengroupbinhduong.com/su-kien-giai-chay-half-marathon-binh-duong-2023#3Dich_vu_to_chuc_su_kien_chay_Marathon_-_Green_Group\">3.Dịch vụ tổ chức sự kiện chạy Marathon &ndash; Green Group</a>\r\n	<ul>\r\n		<li><a href=\"https://greengroupbinhduong.com/su-kien-giai-chay-half-marathon-binh-duong-2023#Lien_he_tai_day\">Li&ecirc;n hệ tại đ&acirc;y :</a></li>\r\n	</ul>\r\n	</li>\r\n</ul>\r\n\r\n<h2>1.Th&ocirc;ng tin về sự kiện giải chạy Half Marathon B&igrave;nh Dương 2023</h2>\r\n\r\n<p><em><strong>Sự kiện Half Marathon B&igrave;nh Dương 2023</strong></em>&nbsp;l&agrave; chuỗi sự kiện do Sở Văn h&oacute;a, Thể thao v&agrave; Du lịch phối hợp với c&acirc;u lạc bộ chạy bộ B&igrave;nh Dương v&agrave; c&aacute;c đơn vị li&ecirc;n quan tổ chức. Nhằm đẩy mạnh Cuộc vận động &ldquo;To&agrave;n d&acirc;n r&egrave;n luyện th&acirc;n thể theo gương B&aacute;c Hồ vĩ đại&rdquo;; ch&agrave;o mừng kỷ niệm 92 năm ng&agrave;y th&agrave;nh lập Đo&agrave;n TNCS Hồ Ch&iacute; Minh (26.3.1931-26.3.2023). Đặc biệt l&agrave; kỷ niệm 77 năm Ng&agrave;y truyền thống Ng&agrave;nh Thể dục thể thao Việt Nam (27.3.1946-27.3.2023).</p>\r\n\r\n<p>Sự kiện được tổ chức bởi BDRC &ndash; B&igrave;nh Dương Running Club. Với sự tham gia của đ&ocirc;ng đảo học sinh, sinh vi&ecirc;n, c&aacute;c bộ c&ocirc;ng nh&acirc;n vi&ecirc;n v&agrave; c&aacute;c vận động vi&ecirc;n tr&ecirc;n khắp cả nước.</p>\r\n\r\n<p><img alt=\"half marathon 2023 1\" src=\"https://greengroupbinhduong.com/wp-content/uploads/2023/03/z4173785372326_e551510c2a31657c033520ee24bdb851-1400x787.jpg\" style=\"height:573px; width:1020px\" /></p>\r\n\r\n<p><em>Chuẩn bị trước giải chạy</em></p>\r\n\r\n<h2>2.Một số h&igrave;nh ảnh tại sự kiện giải chạy Half Marathon B&igrave;nh Dương 2023</h2>\r\n\r\n<p>Một số h&igrave;nh ảnh trước v&agrave; trong sự kiện&nbsp;<strong><em>giải chạy Half Marathon B&igrave;nh Dương 2023</em></strong>&nbsp;tại Th&agrave;nh phố mới B&igrave;nh Dương. Đ&acirc;y l&agrave; một trong những sự kiện c&oacute; quy m&ocirc; lớn v&agrave; thu h&uacute;t rất nhiều người tham dự.</p>\r\n\r\n<p><img alt=\"chuan bi cac gian hang 1\" src=\"https://greengroupbinhduong.com/wp-content/uploads/2023/03/z4173785464147_49810f5317c05950f6de66ba30a02b2a-1400x787.jpg\" style=\"height:573px; width:1020px\" /></p>\r\n\r\n<p>C&aacute;c gian h&agrave;ng trưng b&agrave;y</p>\r\n\r\n<p><img alt=\"khu check in 1\" src=\"https://greengroupbinhduong.com/wp-content/uploads/2023/03/z4173785401178_9b438fb58f316de1abef0144bb83c9af.jpg\" style=\"height:1443px; width:2560px\" /></p>\r\n\r\n<p>&nbsp;</p>\r\n\r\n<p><img alt=\"am thanh tai giai chay marathon binh duong 2023 1\" src=\"https://greengroupbinhduong.com/wp-content/uploads/2023/03/z4173785365095_c251ec67d2c95308cced5859ecf9f39d-1400x787.jpg\" style=\"height:573px; width:1020px\" /></p>\r\n\r\n<p>&nbsp;</p>\r\n\r\n<p><img alt=\"dancer co vu giai chay marathon 1\" src=\"https://greengroupbinhduong.com/wp-content/uploads/2023/03/333574257_1624395304667374_282059477257527558_n-1200x800.jpg\" style=\"height:680px; width:1020px\" /></p>\r\n\r\n<p>&nbsp;</p>\r\n\r\n<p><img alt=\"giai chay half marathon binh duong 2023 1\" src=\"https://greengroupbinhduong.com/wp-content/uploads/2023/03/335643392_596985758991565_1605816405365416761_n-1200x800.jpg\" style=\"height:680px; width:1020px\" /></p>\r\n\r\n<p><em>Giải chạy Half Marathon tỉnh B&igrave;nh Dương năm 2023</em></p>\r\n\r\n<p>&nbsp;</p>\r\n\r\n<p><img alt=\"bat dau xuat phat 1\" src=\"https://greengroupbinhduong.com/wp-content/uploads/2023/03/335632492_1706946039737790_6825507429066518817_n-1200x800.jpg\" style=\"height:680px; width:1020px\" /></p>\r\n\r\n<p>&nbsp;</p>\r\n\r\n<p><img alt=\"chuan bi tiep nuoc 1\" src=\"https://greengroupbinhduong.com/wp-content/uploads/2023/03/335445815_861864484908588_6462726721956088364_n-1200x800.jpg\" style=\"height:680px; width:1020px\" /></p>\r\n\r\n<h2>3.Dịch vụ tổ chức sự kiện chạy Marathon &ndash; Green Group</h2>\r\n\r\n<p>Hiện nay, c&aacute;c&nbsp;<em><strong>sự kiện chạy Marathon</strong></em>&nbsp;ng&agrave;y c&agrave;ng nhiều nhằm n&acirc;ng cao sức khỏe v&agrave; tinh thần đo&agrave;n kết. Do đ&oacute;, rất cần những đơn vị tổ chức sự kiện Marathon chuy&ecirc;n nghiệp. V&agrave; Green Group l&agrave; một trong những đơn vị chuy&ecirc;n&nbsp;<em><strong>tổ chức c&aacute;c giải chạy Marathon tại B&igrave;nh Dương</strong></em>&nbsp;n&oacute;i ri&ecirc;ng v&agrave; to&agrave;n quốc n&oacute;i chung.</p>\r\n\r\n<p><em><strong>Green Group</strong></em>&nbsp;l&agrave; một trong những c&ocirc;ng ty sự kiện h&agrave;ng đầu hợp t&aacute;c với rất nhiều đối t&aacute;c lớn. Song song đ&oacute;, với đội ngũ nh&acirc;n sự chuy&ecirc;n nghiệp c&ugrave;ng thiết bị sự kiện gi&aacute; kho. Green Group lu&ocirc;n mang đến những sự kiện th&agrave;nh c&ocirc;ng v&agrave; để lại ấn tượng cho kh&aacute;ch h&agrave;ng.</p>\r\n\r\n<p>B&ecirc;n cạnh đ&oacute;, ch&uacute;ng t&ocirc;i c&ograve;n l&ecirc;n kế hoạch, khảo s&aacute;t tận nơi. Đảm bảo sự kiện được diễn ra theo đ&uacute;ng lịch tr&igrave;nh đ&atilde; đề ra.</p>\r\n\r\n<p>Kh&aacute;ch h&agrave;ng cần&nbsp;<strong><em>tổ chức giải chạy Marathon</em></strong>&nbsp;h&atilde;y li&ecirc;n hệ ngay với&nbsp;<a href=\"https://greengroupbinhduong.com/\"><strong>Green Group</strong></a>. Ch&uacute;ng t&ocirc;i sẽ cung cấp những hạng mục với gi&aacute; kho tận xưởng.</p>\r\n','chạy.jpg'),(6,'10+ Mẫu băng rôn khai trương, quảng cáo đẹp và ấn tượng',NULL,'<p><strong>Băng r&ocirc;n khai trương</strong>&nbsp;l&agrave; một trong những phương ph&aacute;p quảng c&aacute;o v&ocirc; c&ugrave;ng hiệu quả. Thường được &aacute;p dụng tại c&aacute;c cửa h&agrave;ng, qu&aacute;n ăn sắp khai trương hoặc c&oacute; chương tr&igrave;nh khuyến m&atilde;i.</p>\r\n\r\n<p>Băng r&ocirc;n thường được treo trước cửa n&ecirc;n người đi đường hay những người xung quanh dễ d&agrave;ng thấy được. Do đ&oacute;, việc c&oacute; cho m&igrave;nh những mẫu băng r&ocirc;n v&ocirc; c&ugrave;ng bắt mắt l&agrave; điều ai cũng mong muốn. B&agrave;i viết n&agrave;y,&nbsp;<strong>Green Group</strong>&nbsp;sẽ giới thiệu đến c&aacute;c bạn những mẫu băng r&ocirc;n khai trương, băng r&ocirc;n quảng c&aacute;o v&ocirc; c&ugrave;ng ấn tượng. H&atilde;y c&ugrave;ng t&igrave;m hiểu nh&eacute;!</p>\r\n\r\n<p>&nbsp;</p>\r\n\r\n<h2><strong>Băng r&ocirc;n khai trương l&agrave; g&igrave;?</strong></h2>\r\n\r\n<p><a href=\"https://greengroupbinhduong.com/bang-ron-khai-truong\"><strong>Băng r&ocirc;n khai trương</strong></a>&nbsp;l&agrave; một dải biểu ngữ được in bằng bạt hoặc c&aacute;c chất liệu kh&aacute;c. Với c&aacute;c d&ograve;ng chữ, biểu trưng thu h&uacute;t &aacute;nh nh&igrave;n của mọi người. Ch&uacute;ng ta c&oacute; thể thấy ch&uacute;ng được treo ở c&aacute;c sự kiện khai trương, kh&aacute;nh th&agrave;nh hay ra mắt sản phẩm,&hellip; Đ&acirc;y l&agrave; chiến lượt Marketing được sử dụng nhiều nhất hiện nay. Như một th&ocirc;ng điệp gửi đến c&aacute;c kh&aacute;ch h&agrave;ng tiềm năng.</p>\r\n\r\n<p><img alt=\"bang ron khai truong 1\" src=\"https://greengroupbinhduong.com/wp-content/uploads/2023/03/1520240367277.jpg\" style=\"height:220px; width:720px\" /></p>\r\n\r\n<p><em>Băng r&ocirc;n khai trương qu&aacute;n Coffee</em></p>\r\n\r\n<h2><strong>&Yacute; nghĩa của việc treo băng r&ocirc;n khai trương</strong></h2>\r\n\r\n<h3><strong>Băng r&ocirc;n khai trương gi&uacute;p thu h&uacute;t sự ch&uacute; &yacute;</strong></h3>\r\n\r\n<p>Treo băng r&ocirc;n quảng c&aacute;o gi&uacute;p thu h&uacute;t sự ch&uacute; &yacute; của mọi người. Đồng thời, k&iacute;ch th&iacute;ch sự t&ograve; m&ograve; của mọi người xung quanh cũng như người đi đường. Từ đ&oacute;, gia chủ c&oacute; được một lượng kh&aacute;ch h&agrave;ng tiềm năng nhất định.</p>\r\n\r\n<p>Với băng r&ocirc;n khai trương, sẽ tạo sự h&aacute;o hức về qu&aacute;n ăn, cửa h&agrave;ng sắp khai trương. Mang lại những gi&aacute; trị v&ocirc; c&ugrave;ng to lớn cho chủ cửa h&agrave;ng.</p>\r\n\r\n<h3><strong>Tạo t&iacute;nh thương hiệu tr&ecirc;n thị trường</strong></h3>\r\n\r\n<p>Một chiếc băng r&ocirc;n đẹp v&agrave; ấn tượng sẽ gi&uacute;p mọi người nhớ đến thương hiệu của bạn hơn. Bởi ch&uacute;ng được treo ở trước cửa của cửa h&agrave;ng như l&agrave; bộ mặt đ&aacute;nh v&agrave;o t&acirc;m l&yacute; của nhiều kh&aacute;ch h&agrave;ng.</p>\r\n\r\n<p>Tạo n&ecirc;n ấn tượng kh&oacute; qu&ecirc;n khi lần đầu đến hoặc lần đầu nh&igrave;n thấy. Gi&uacute;p n&acirc;ng tầm thương hiệu trong mắt người ti&ecirc;u d&ugrave;ng.</p>\r\n\r\n<p><img alt=\"bang ron khai truong quan coffee 1\" src=\"https://greengroupbinhduong.com/wp-content/uploads/2023/03/1520162511481-800x252.jpg\" style=\"height:252px; width:800px\" /></p>\r\n\r\n<p><em>Băng r&ocirc;n khuyến m&atilde;i mua m&aacute;y pha coffee</em></p>\r\n\r\n<h3><strong>Chiến lượt Marketing hiệu quả m&agrave; chi ph&iacute; thấp</strong></h3>\r\n\r\n<p>Một trong những lợi &iacute;ch của việc treo băng r&ocirc;n đ&oacute; l&agrave; vừa tiết kiệm chi ph&iacute; Marketing m&agrave; lại mang lại hiệu quả cao. T&ugrave;y v&agrave;o chất liệu m&agrave; gi&aacute; th&agrave;nh in băng r&ocirc;n sẽ kh&aacute;c nhau, nhưng thường rẻ v&agrave; kh&ocirc;ng qu&aacute; đắt. So với việc phải bỏ ra số tiền lớn để Marketing th&igrave; treo băng r&ocirc;n l&agrave; một c&aacute;ch Marketing v&ocirc; c&ugrave;ng hiệu quả.</p>\r\n\r\n<p><em><strong>=&gt;Tham khảo th&ecirc;m :&nbsp;<a href=\"https://greengroupbinhduong.com/thiet-ke-thi-cong-in-an-backdrop\">Dịch vụ thiết kế, thi c&ocirc;ng backdrop đẹp, gi&aacute; rẻ</a></strong></em></p>\r\n\r\n<h2><strong>Một số mẫu băng r&ocirc;n khai trương, băng r&ocirc;n quảng c&aacute;o</strong></h2>\r\n\r\n<p>Sau đ&acirc;y l&agrave; một số&nbsp;<strong>mẫu băng r&ocirc;n khai trương, quảng c&aacute;o</strong>&nbsp;m&agrave; Green Group muốn giới thiệu đến qu&yacute; kh&aacute;ch h&agrave;ng. Hi vọng qu&yacute; kh&aacute;ch sẽ lựa chọn cho m&igrave;nh những mẫu ph&ugrave; hợp nhất. Từ đ&oacute;, tạo được ấn tượng với mọi người cũng như với những kh&aacute;ch h&agrave;ng tiềm năng.</p>\r\n\r\n<p><img alt=\"thiet ke bang ron khai truong 1\" src=\"https://greengroupbinhduong.com/wp-content/uploads/2023/03/thiet-ke-bang-ron-quang-cao-001-800x335.jpg\" style=\"height:335px; width:800px\" /></p>\r\n\r\n<p>Thiết kế băng r&ocirc;n đẹp</p>\r\n\r\n<p><img alt=\"mau bang ron khai truong dep 1\" src=\"https://greengroupbinhduong.com/wp-content/uploads/2023/03/mau-bang-ron-khai-truong-18.jpg\" style=\"height:286px; width:768px\" /></p>\r\n\r\n<p>Mẫu băng r&ocirc;n quảng c&aacute;o đẹp</p>\r\n\r\n<p><img alt=\"bang ron quang cao khuyen mai 1\" src=\"https://greengroupbinhduong.com/wp-content/uploads/2023/03/bang-ron-khai-truong-800x400.png\" style=\"height:400px; width:800px\" /></p>\r\n\r\n<p>Băng r&ocirc;n điện m&aacute;y</p>\r\n\r\n<p><img alt=\"bang ron tung bung khai truong cua hang 1\" src=\"https://greengroupbinhduong.com/wp-content/uploads/2023/03/1520242369214.jpg\" style=\"height:355px; width:675px\" /></p>\r\n\r\n<p>Băng r&ocirc;n qu&aacute;n tr&agrave; sữa</p>\r\n\r\n<p><img alt=\"bang ron khuyen mai 1\" src=\"https://greengroupbinhduong.com/wp-content/uploads/2023/03/1520212213163-800x296.jpg\" style=\"height:296px; width:800px\" /></p>\r\n\r\n<p>Băng r&ocirc;n khuyến m&atilde;i</p>\r\n\r\n<p><img alt=\"bang ron spa tham my vien 1\" src=\"https://greengroupbinhduong.com/wp-content/uploads/2023/03/1520210467628-800x296.jpg\" style=\"height:296px; width:800px\" /></p>\r\n\r\n<p>Băng r&ocirc;n d&agrave;nh cho spa thẩm mỹ viện</p>\r\n\r\n<p><img alt=\"mau quang cao quan nuong ngoai troi 1\" src=\"https://greengroupbinhduong.com/wp-content/uploads/2023/03/1520203254886-800x400.jpg\" style=\"height:400px; width:800px\" /></p>\r\n\r\n<p>Mẫu quảng c&aacute;o qu&aacute;n nướng ngo&agrave;i trời</p>\r\n\r\n<p><img alt=\"grand openning kids plaza 1\" src=\"https://greengroupbinhduong.com/wp-content/uploads/2023/03/1520191324127-800x250.jpg\" style=\"height:250px; width:800px\" /></p>\r\n\r\n<p>Grand opening kids plaza</p>\r\n\r\n<p><img alt=\"mau thiet ke quan coffee 1\" src=\"https://greengroupbinhduong.com/wp-content/uploads/2023/03/1520190573065-800x296.jpg\" style=\"height:296px; width:800px\" /></p>\r\n\r\n<p>Mẫu thiết kế d&agrave;nh cho qu&aacute;n Coffee</p>\r\n\r\n<p><img alt=\"quang cao quan an 1\" src=\"https://greengroupbinhduong.com/wp-content/uploads/2023/03/1520147753262-800x309.jpg\" style=\"height:309px; width:800px\" /></p>\r\n\r\n<p>Quảng c&aacute;o qu&aacute;n ăn</p>\r\n\r\n<p><img alt=\"mau thiet ke bang ron khai truong cua hang dong ho 1\" src=\"https://greengroupbinhduong.com/wp-content/uploads/2023/03/1520144401645.jpg\" style=\"height:300px; width:640px\" /></p>\r\n\r\n<p>Mẫu băng r&ocirc;n showroom đồng hồ</p>\r\n\r\n<p><img alt=\"mau uu dai khuyen mai 1\" src=\"https://greengroupbinhduong.com/wp-content/uploads/2023/03/1520142310635-800x296.jpg\" style=\"height:296px; width:800px\" /></p>\r\n\r\n<p>Mẫu ưu đ&atilde;i khuyến m&atilde;i</p>\r\n\r\n<p><img alt=\"bang ron quang cao spa 1\" src=\"https://greengroupbinhduong.com/wp-content/uploads/2023/03/1520142303405-800x296.jpg\" style=\"height:296px; width:800px\" /></p>\r\n\r\n<p>Băng r&ocirc;n quảng c&aacute;o Spa</p>\r\n\r\n<p>Tr&ecirc;n đ&acirc;y l&agrave; một số mẫu băng r&ocirc;n khai trương, băng r&ocirc;n quảng c&aacute;o, sự kiện m&agrave; Green Group gửi đến qu&yacute; kh&aacute;ch để tham khảo. Kh&aacute;ch h&agrave;ng cần thiết kế, thi c&ocirc;ng băng r&ocirc;n, backdrop h&atilde;y li&ecirc;n hệ ngay với Green Group nh&eacute; ! Ch&uacute;ng t&ocirc;i sẽ l&agrave; cầu nối giữa chủ doanh nghiệp với c&aacute;c kh&aacute;ch h&agrave;ng tiềm năng.</p>\r\n\r\n<h2><strong>Dịch vụ thiết kế, thi c&ocirc;ng băng r&ocirc;n khai trương, quảng c&aacute;o, sự kiện tại B&igrave;nh Dương</strong></h2>\r\n\r\n<p>Hiện nay, rất nhiều c&ocirc;ng ty, doanh nghiệp, cửa h&agrave;ng sử dụng h&igrave;nh thức quảng c&aacute;o bằng c&aacute;ch treo băng r&ocirc;n. Do đ&oacute;, rất cần những đơn vị thiết kế, thi c&ocirc;ng chất lượng, chuy&ecirc;n nghiệp m&agrave; gi&aacute; phải chăng. Green Group l&agrave; một trong những c&ocirc;ng ty tổ chức sự kiện chuy&ecirc;n nghiệp tại B&igrave;nh Dương v&agrave; c&aacute;c tỉnh th&agrave;nh l&acirc;n cận. Với đội ngũ nh&acirc;n sự đầy nhiệt huyết c&ugrave;ng với đ&oacute; l&agrave; thiết bị in ấn c&oacute; sẵn. Sẽ tạo n&ecirc;n những&nbsp;<strong>mẫu băng r&ocirc;n khai trương, băng r&ocirc;n quảng đẹp</strong>&nbsp;v&agrave; v&ocirc; c&ugrave;ng ấn tượng.</p>\r\n\r\n<p>Kh&aacute;ch h&agrave;ng cần thiết kế, thi c&ocirc;ng băng r&ocirc;n tại B&igrave;nh Dương. Hoặc đặt dịch vụ&nbsp;<a href=\"https://greengroupbinhduong.com/to-chuc-su-kien-khai-truong\"><em><strong>tổ chức khai trương trọn g&oacute;i</strong></em></a>. H&atilde;y li&ecirc;n hệ ngay th&ocirc;ng tin b&ecirc;n dưới để được nh&acirc;n vi&ecirc;n Green Group tư vấn, b&aacute;o gi&aacute; nh&eacute;. C&ograve;n nếu qu&yacute; kh&aacute;ch cần dịch vụ quảng c&aacute;o Marketing hiệu quả, h&atilde;y li&ecirc;n hệ tại đ&acirc;y nh&eacute; =&gt;&nbsp;<a href=\"https://www.truyenthongxanhbinhduong.com/\"><em><strong>Dịch vụ quảng c&aacute;o Marketing Green Media</strong></em></a></p>\r\n\r\n<p>&ldquo;<em>Ở đ&acirc;u c&oacute; sự kiện &ndash; du lịch kh&oacute;, ở đ&oacute; c&oacute; Green Group lo</em>&ldquo;.</p>\r\n','bảngon.jpg'),(7,'Team Building Kết Hợp Tất Niên Và Gala Dinner Tùy Tâm Pharma',NULL,'<p>Một sự kiện tất ni&ecirc;n gala dinner kết hợp Team building của c&ocirc;ng ty T&ugrave;y T&acirc;m Pharma vừa được tổ chức tại Th&agrave;nh phố Nha Trang xinh đẹp. Với sự tham gia của c&aacute;c nh&acirc;n vi&ecirc;n, đại l&yacute; cũng như kh&aacute;ch h&agrave;ng của T&ugrave;y T&acirc;m Pharma. Với chủ đề l&agrave; &ldquo;Shine Your Light&rdquo; c&agrave;ng l&agrave;m kh&ocirc;ng kh&iacute; sự kiện trở n&ecirc;n hấp dẫn.</p>\r\n\r\n<p>Ngo&agrave;i ra, c&ograve;n l&agrave; lễ ra mắt sản phẩm mới &ldquo;Wonder Serum&rdquo; gi&uacute;p lưu giữ l&agrave;n da thanh xu&acirc;n của bạn.</p>\r\n\r\n<p><img alt=\"to chuc gala dinner tuy tam 1\" src=\"https://greengroupbinhduong.com/wp-content/uploads/2022/12/to-chuc-gala-dinner-tuy-tam-1-scaled.jpg\" style=\"height:500px; width:800px\" /></p>\r\n\r\n<p>NỘI DUNG</p>\r\n\r\n<p>&nbsp;</p>\r\n\r\n<ul>\r\n	<li><a href=\"https://greengroupbinhduong.com/team-building-ket-hop-tat-nien-va-gala-dinner-tuy-tam-pharma#Team_building_ket_hop_gala_dinner_Tuy_Tam_Pharma\">Team building kết hợp gala dinner T&ugrave;y T&acirc;m Pharma</a></li>\r\n	<li><a href=\"https://greengroupbinhduong.com/team-building-ket-hop-tat-nien-va-gala-dinner-tuy-tam-pharma#Mot_so_hinh_anh_tai_su_kien\">Một số h&igrave;nh ảnh tại sự kiện</a>\r\n	<ul>\r\n		<li><a href=\"https://greengroupbinhduong.com/team-building-ket-hop-tat-nien-va-gala-dinner-tuy-tam-pharma#Lien_he_tai_day\">Li&ecirc;n hệ tại đ&acirc;y :</a></li>\r\n	</ul>\r\n	</li>\r\n</ul>\r\n\r\n<h2>Team building kết hợp gala dinner T&ugrave;y T&acirc;m Pharma</h2>\r\n\r\n<p>Đ&acirc;y l&agrave; sự kiện cuối năm nhằm tri &acirc;n những đại l&yacute;, đối t&aacute;c kh&aacute;ch h&agrave;ng của T&ugrave;y T&acirc;m Pharma. Kết hợp những tr&ograve; chơi team building &yacute; nghĩa, n&acirc;ng cao t&igrave;nh đồng đội. Buổi tối l&agrave; gala dinner với s&acirc;n khấu &acirc;m thanh &aacute;nh s&aacute;ng ho&agrave;ng tr&aacute;ng. Sẽ l&agrave; sự kiện để lại nhiều ấn tượng cho những người tham dự.</p>\r\n\r\n<p>C&oacute; thể bạn quan t&acirc;m :&nbsp;<strong><em><a href=\"https://greengroupbinhduong.com/to-chuc-tiec-tat-nien\">Dịch vụ tổ chức tiệc tất ni&ecirc;n trọn g&oacute;i</a></em></strong></p>\r\n\r\n<p><img alt=\"to chuc team building tai nha trang 1\" src=\"https://greengroupbinhduong.com/wp-content/uploads/2022/12/to-chuc-team-building-tai-nha-trang-1-scaled.jpg\" style=\"height:500px; width:800px\" /></p>\r\n\r\n<h2>Một số h&igrave;nh ảnh tại sự kiện</h2>\r\n\r\n<p>Sự kiện n&agrave;o cũng kh&ocirc;ng thể thiếu những đội ngũ media để mang lại những h&igrave;nh ảnh, thước phim đẹp. H&atilde;y c&ugrave;ng nh&igrave;n lại những h&igrave;nh ảnh tại sự kiện&nbsp;<strong><a href=\"https://greengroupbinhduong.com/team-building-ket-hop-tat-nien-va-gala-dinner-tuy-tam-pharma\">team building kết hợp gala dinner</a></strong>&nbsp;tại Nha Trang của T&ugrave;y T&acirc;m Pharma.</p>\r\n\r\n<p><img alt=\"tổ chức team building tại nha trang 1\" src=\"https://greengroupbinhduong.com/wp-content/uploads/2022/12/to-chuc-team-building-tai-nha-trang-1-1-scaled.jpg\" style=\"height:500px; width:800px\" /></p>\r\n\r\n<p><img alt=\"tổ chức team building tùy tâm pharma tại nha trang 1\" src=\"https://greengroupbinhduong.com/wp-content/uploads/2022/12/to-chuc-team-building-tuy-tam-pharma-tai-nha-trang-1-scaled.jpg\" style=\"height:500px; width:800px\" /></p>\r\n\r\n<p><img alt=\"trò chơi đồng đội 1\" src=\"https://greengroupbinhduong.com/wp-content/uploads/2022/12/tro-choi-dong-doi-1-scaled.jpg\" style=\"height:500px; width:800px\" /></p>\r\n\r\n<p><img alt=\"team building tuy tam pharma 1\" src=\"https://greengroupbinhduong.com/wp-content/uploads/2022/12/team-building-tuy-tam-pharma-1-scaled.jpg\" style=\"height:500px; width:800px\" /></p>\r\n\r\n<p><img alt=\"tro choi tai team building nha trang 1\" src=\"https://greengroupbinhduong.com/wp-content/uploads/2022/12/tro-choi-tai-team-building-nha-trang-1-scaled.jpg\" style=\"height:500px; width:800px\" /></p>\r\n\r\n<p><img alt=\"trò chơi team building 1\" src=\"https://greengroupbinhduong.com/wp-content/uploads/2022/12/tro-choi-team-building-1-scaled.jpg\" style=\"height:500px; width:800px\" /></p>\r\n\r\n<p><img alt=\"trò chơi team building tùy tâm pharma 1\" src=\"https://greengroupbinhduong.com/wp-content/uploads/2022/12/tro-choi-team-building-tuy-tam-pharma-1-scaled.jpg\" style=\"height:500px; width:800px\" /></p>\r\n\r\n<p><img alt=\"tro choi tich hop 1\" src=\"https://greengroupbinhduong.com/wp-content/uploads/2022/12/tro-choi-tich-hop-1-scaled.jpg\" style=\"height:500px; width:800px\" /></p>\r\n\r\n<p><img alt=\"tùy tâm pharma 1\" src=\"https://greengroupbinhduong.com/wp-content/uploads/2022/12/tuy-tam-pharma-1-scaled.jpg\" style=\"height:500px; width:800px\" /></p>\r\n\r\n<p><img alt=\"team building tuy tam 1\" src=\"https://greengroupbinhduong.com/wp-content/uploads/2022/12/team-building-tuy-tam-1-scaled.jpg\" style=\"height:500px; width:800px\" /></p>\r\n\r\n<p><img alt=\"tong quan gala dinner tuy tam 1\" src=\"https://greengroupbinhduong.com/wp-content/uploads/2022/12/tong-quan-gala-dinner-tuy-tam-1-scaled.jpg\" style=\"height:500px; width:800px\" /></p>\r\n\r\n<p><img alt=\"gala dinner tại nha trang 1\" src=\"https://greengroupbinhduong.com/wp-content/uploads/2022/12/gala-dinner-tai-nha-trang-1-scaled.jpg\" style=\"height:500px; width:800px\" /></p>\r\n\r\n<p><img alt=\"gala dinner tuy tam pharma 1\" src=\"https://greengroupbinhduong.com/wp-content/uploads/2022/12/gala-dinner-tuy-tam-pharma-1-scaled.jpg\" style=\"height:500px; width:800px\" /></p>\r\n\r\n<p><img alt=\"gala dinner tùy tâm pharma 1\" src=\"https://greengroupbinhduong.com/wp-content/uploads/2022/12/gala-dinner-tuy-tam-pharma-1-1-scaled.jpg\" style=\"height:500px; width:800px\" /></p>\r\n\r\n<p><img alt=\"mc dan chuong trinh gala dinner 1\" src=\"https://greengroupbinhduong.com/wp-content/uploads/2022/12/mc-dan-chuong-trinh-gala-dinner-1-scaled.jpg\" style=\"height:500px; width:800px\" /></p>\r\n\r\n<p><img alt=\"ra mat wonder serum 1\" src=\"https://greengroupbinhduong.com/wp-content/uploads/2022/12/su-kien-gala-dinner-1-scaled.jpg\" style=\"height:500px; width:800px\" /></p>\r\n\r\n<p><img alt=\"tổ chức sự kiện gala dinner tại nha trang 1\" src=\"https://greengroupbinhduong.com/wp-content/uploads/2022/12/to-chuc-su-kien-gala-dinner-tai-nha-trang-1-scaled.jpg\" style=\"height:500px; width:800px\" /></p>\r\n\r\n<p>Kh&aacute;ch h&agrave;ng cần&nbsp;<strong>tổ chức tất ni&ecirc;n team building kết hợp gala dinner</strong>&nbsp;h&atilde;y li&ecirc;n hệ ngay với&nbsp;<strong><a href=\"https://greengroupbinhduong.com/\">Green Group</a></strong>. Ch&uacute;ng t&ocirc;i sẽ tư vấn, b&aacute;o gi&aacute; cũng như l&ecirc;n chương tr&igrave;nh chi tiết cho qu&yacute; kh&aacute;ch h&agrave;ng. Ngo&agrave;i ra, kh&aacute;ch h&agrave;ng sẽ được tặng ngay g&oacute;i media chụp ảnh sự kiện khi đặt lịch tất ni&ecirc;n từ h&ocirc;m nay. H&atilde;y li&ecirc;n hệ ngay th&ocirc;ng tin b&ecirc;n dưới.</p>\r\n\r\n<h3>Li&ecirc;n hệ tại đ&acirc;y :</h3>\r\n\r\n<p>C&Ocirc;NG TY TỔ CHỨC SỰ KIỆN TOUR DU LỊCH B&Igrave;NH DƯƠNG GREEN GROUP</p>\r\n\r\n<p>Số điện thoại :&nbsp;<a href=\"tel:0937310930\">0937 310 930</a>(Mr.Duy) &ndash;&nbsp;<a href=\"tel:0962223732\">0962 223 732</a>(Mr.Hi&ecirc;n)</p>\r\n\r\n<p>Địa chỉ : Số 172 đường DX-014, P.Ph&uacute; Mỹ, TP.Thủ Dầu Một, B&igrave;nh Dương.</p>\r\n','to-chuc-gala-dinner-tuy-tam-1-scaled.jpg');
/*!40000 ALTER TABLE `tbl_baiviet` ENABLE KEYS */;
UNLOCK TABLES;

--
-- Table structure for table `tbl_category`
--

DROP TABLE IF EXISTS `tbl_category`;
/*!40101 SET @saved_cs_client     = @@character_set_client */;
 SET character_set_client = utf8mb4 ;
CREATE TABLE `tbl_category` (
  `category_id` int(11) NOT NULL AUTO_INCREMENT,
  `category_name` varchar(100) DEFAULT NULL,
  PRIMARY KEY (`category_id`)
) ENGINE=InnoDB AUTO_INCREMENT=10 DEFAULT CHARSET=utf8;
/*!40101 SET character_set_client = @saved_cs_client */;

--
-- Dumping data for table `tbl_category`
--

LOCK TABLES `tbl_category` WRITE;
/*!40000 ALTER TABLE `tbl_category` DISABLE KEYS */;
INSERT INTO `tbl_category` VALUES (7,'CHO THUÊ'),(8,'TỔ CHỨC SỰ KIỆN');
/*!40000 ALTER TABLE `tbl_category` ENABLE KEYS */;
UNLOCK TABLES;

--
-- Table structure for table `tbl_donhang`
--

DROP TABLE IF EXISTS `tbl_donhang`;
/*!40101 SET @saved_cs_client     = @@character_set_client */;
 SET character_set_client = utf8mb4 ;
CREATE TABLE `tbl_donhang` (
  `donhang_id` int(11) NOT NULL AUTO_INCREMENT,
  `sanpham_id` int(11) DEFAULT NULL,
  `soluong` int(11) DEFAULT NULL,
  `mahang` varchar(45) DEFAULT NULL,
  `khachhang_id` int(11) DEFAULT NULL,
  `ngaythang` timestamp NULL DEFAULT NULL,
  `tinhtrang` int(11) DEFAULT NULL,
  PRIMARY KEY (`donhang_id`)
) ENGINE=InnoDB AUTO_INCREMENT=17 DEFAULT CHARSET=utf8;
/*!40101 SET character_set_client = @saved_cs_client */;

--
-- Dumping data for table `tbl_donhang`
--

LOCK TABLES `tbl_donhang` WRITE;
/*!40000 ALTER TABLE `tbl_donhang` DISABLE KEYS */;
INSERT INTO `tbl_donhang` VALUES (1,2,3,'8623',2,NULL,NULL),(2,7,1,'9332',2,NULL,NULL),(3,5,1,'857',2,NULL,NULL),(4,7,1,'857',2,NULL,NULL),(5,7,12,'6218',3,NULL,NULL),(6,4,2,'6218',3,NULL,NULL),(7,7,12,'9558',3,NULL,NULL),(8,4,2,'9558',3,NULL,NULL),(9,9,3,'7322',2,NULL,0),(10,9,1,'7698',2,NULL,NULL),(11,9,1,'1840',2,NULL,NULL),(12,14,1,'2163',2,NULL,NULL),(13,15,1,'2163',2,NULL,NULL),(14,19,1,'8383',2,NULL,NULL),(15,19,1,'9120',2,NULL,NULL),(16,18,4,'6679',2,NULL,NULL);
/*!40000 ALTER TABLE `tbl_donhang` ENABLE KEYS */;
UNLOCK TABLES;

--
-- Table structure for table `tbl_giohang`
--

DROP TABLE IF EXISTS `tbl_giohang`;
/*!40101 SET @saved_cs_client     = @@character_set_client */;
 SET character_set_client = utf8mb4 ;
CREATE TABLE `tbl_giohang` (
  `giohang_id` int(11) NOT NULL AUTO_INCREMENT,
  `tensanpham` varchar(255) DEFAULT NULL,
  `giasanpham` varchar(45) DEFAULT NULL,
  `hinhanh` varchar(45) DEFAULT NULL,
  `soluong` int(11) DEFAULT NULL,
  `sanpham_id` int(11) DEFAULT NULL,
  PRIMARY KEY (`giohang_id`)
) ENGINE=InnoDB AUTO_INCREMENT=17 DEFAULT CHARSET=utf8;
/*!40101 SET character_set_client = @saved_cs_client */;

--
-- Dumping data for table `tbl_giohang`
--

LOCK TABLES `tbl_giohang` WRITE;
/*!40000 ALTER TABLE `tbl_giohang` DISABLE KEYS */;
/*!40000 ALTER TABLE `tbl_giohang` ENABLE KEYS */;
UNLOCK TABLES;

--
-- Table structure for table `tbl_khachhang`
--

DROP TABLE IF EXISTS `tbl_khachhang`;
/*!40101 SET @saved_cs_client     = @@character_set_client */;
 SET character_set_client = utf8mb4 ;
CREATE TABLE `tbl_khachhang` (
  `khachhang_id` int(11) NOT NULL AUTO_INCREMENT,
  `name` varchar(100) DEFAULT NULL,
  `phone` varchar(50) DEFAULT NULL,
  `address` varchar(255) DEFAULT NULL,
  `note` text,
  `email` varchar(150) DEFAULT NULL,
  `giaohang` varchar(255) DEFAULT NULL,
  `password` varchar(45) DEFAULT NULL,
  PRIMARY KEY (`khachhang_id`)
) ENGINE=InnoDB AUTO_INCREMENT=5 DEFAULT CHARSET=utf8;
/*!40101 SET character_set_client = @saved_cs_client */;

--
-- Dumping data for table `tbl_khachhang`
--

LOCK TABLES `tbl_khachhang` WRITE;
/*!40000 ALTER TABLE `tbl_khachhang` DISABLE KEYS */;
INSERT INTO `tbl_khachhang` VALUES (2,'Lưu Thoại Hưng','0393734106','40/50 Lê Thị Hồng, phường17','khong','lth@gmail.com','0','e10adc3949ba59abbe56e057f20f883e'),(3,'Hưng Lưu','0393734106','40/43 Lê Thị Hồng, p17, quận Gò Vấp, tp Hồ Chí MInh','àasf','hunggokai@gmail.com','Chọn hình thức thanh toán','db9895a4978f38ed327bb41e5b1d655d'),(4,'Bảo','0393734106','40/43 Lê Thị Hồng, p17, quận Gò Vấp, tp Hồ Chí MInh','123','bao@gmail.com','0','e10adc3949ba59abbe56e057f20f883e');
/*!40000 ALTER TABLE `tbl_khachhang` ENABLE KEYS */;
UNLOCK TABLES;

--
-- Table structure for table `tbl_sanpham`
--

DROP TABLE IF EXISTS `tbl_sanpham`;
/*!40101 SET @saved_cs_client     = @@character_set_client */;
 SET character_set_client = utf8mb4 ;
CREATE TABLE `tbl_sanpham` (
  `sanpham_id` int(11) NOT NULL AUTO_INCREMENT,
  `category_id` int(11) DEFAULT NULL,
  `sanpham_gia` varchar(255) DEFAULT NULL,
  `sanpham_giakhuyenmai` varchar(255) DEFAULT NULL,
  `sanpham_soluong` int(11) DEFAULT NULL,
  `sanpham_image` varchar(255) DEFAULT NULL,
  `sanpham_name` varchar(255) DEFAULT NULL,
  `sanpham_mota` text,
  PRIMARY KEY (`sanpham_id`)
) ENGINE=InnoDB AUTO_INCREMENT=20 DEFAULT CHARSET=utf8;
/*!40101 SET character_set_client = @saved_cs_client */;

--
-- Dumping data for table `tbl_sanpham`
--

LOCK TABLES `tbl_sanpham` WRITE;
/*!40000 ALTER TABLE `tbl_sanpham` DISABLE KEYS */;
INSERT INTO `tbl_sanpham` VALUES (13,7,'12000000','',10,'mualan.jpg','Cho Thuê Múa Lân','<p>Green Group l&agrave; đơn vị chuy&ecirc;n&nbsp;<strong>cho thu&ecirc; m&uacute;a l&acirc;n khai trương tại B&igrave;nh Dương</strong>, tổ chức sự kiện khai trương trọn g&oacute;i.<br />\r\n<strong>M&uacute;a l&acirc;n khai trương</strong>&nbsp;nhằm mang đến may mắn, t&agrave;i lộc cho mọi người, tạo kh&ocirc;ng kh&iacute; vui tươi, n&aacute;o nhiệt.</p>\r\n\r\n<h2>Vậy m&uacute;a l&acirc;n khai trương l&agrave; g&igrave;?</h2>\r\n\r\n<p><strong>M&uacute;a l&acirc;n khai trương</strong>&nbsp;hay&nbsp;<strong>m&uacute;a l&acirc;n sư rồng</strong>&nbsp;l&agrave; sự kết hợp trống, chi&ecirc;ng, x&egrave;ng c&ugrave;ng 2 hay 4 đầu l&acirc;n v&agrave; &ocirc;ng thần t&agrave;i, thổ địa.<br />\r\nVới mong muốn mang lại sự thịnh vượng, ấm no, t&agrave;i lộc trong kinh doanh.<br />\r\nV&igrave; vậy, ng&agrave;y khai trương kh&ocirc;ng thể thiếu được&nbsp;<strong>m&uacute;a l&acirc;n khai trương</strong>.<br />\r\nGreen Group cũng l&agrave; một trong những đơn vị&nbsp;<strong>cho thu&ecirc; m&uacute;a l&acirc;n khai trương</strong>&nbsp;h&agrave;ng đầu hiện nay.</p>\r\n\r\n<p><img alt=\"mua lan khai truong tai binh duong 1\" src=\"https://greengroupbinhduong.com/wp-content/uploads/2022/08/mua-lan-khai-truong-tai-binh-duong-1.jpg\" style=\"height:600px; width:900px\" /></p>\r\n\r\n<h2>&Yacute; nghĩa của việc thu&ecirc; m&uacute;a l&acirc;n khai trương</h2>\r\n\r\n<p><strong><a href=\"https://greengroupbinhduong.com/cho-thue-mua-lan-khai-truong-binh-duong\">M&uacute;a l&acirc;n khai trương B&igrave;nh Dương</a></strong>&nbsp;hay bất cứ đ&acirc;u đều biểu diễn ở c&aacute;c lễ hội lớn.<br />\r\nNhằm mang lại sự may mắn, ph&aacute;t đạt, thịnh vượng trong kinh doanh của doanh nghiệp.<br />\r\nVới bộ ba L&acirc;n &ndash; Sư &ndash; Rồng l&agrave; hiện diện của t&agrave;i lộc, sẽ mang đến sự th&agrave;nh c&ocirc;ng trong tương lai.<br />\r\nNgo&agrave;i ra, m&uacute;a l&acirc;n c&ograve;n được xem l&agrave; m&agrave;n ch&agrave;o đ&oacute;n cho sự trở lại, xum họp, đo&agrave;n vi&ecirc;n.</p>\r\n\r\n<h2>Chi ph&iacute; thu&ecirc; m&uacute;a l&acirc;n khai trương B&igrave;nh Dương</h2>\r\n\r\n<p>Hiện nay, rất nhiều đơn vị&nbsp;<strong>cho thu&ecirc; m&uacute;a l&acirc;n khai trương tại B&igrave;nh Dương</strong>.<br />\r\nThế nhưng kh&ocirc;ng phải nơi n&agrave;o cũng theo &yacute; của kh&aacute;ch h&agrave;ng.<br />\r\nMỗi đơn vị sẽ c&oacute; những n&eacute;t nổi bật ri&ecirc;ng v&agrave; theo từng mức gi&aacute; kh&aacute;c nhau.</p>\r\n\r\n<p>Từ đ&oacute;, chi ph&iacute;&nbsp;<strong>thu&ecirc; m&uacute;a l&acirc;n khai trương</strong>&nbsp;cũng kh&aacute;c nhau t&ugrave;y v&agrave;o kh&aacute;ch h&agrave;ng lựa chọn số l&acirc;n, trống, nh&acirc;n sự,&hellip;<br />\r\nKh&aacute;ch h&agrave;ng cũng c&oacute; thể lựa chọn m&agrave;u sắc cho đo&agrave;n l&acirc;n.<br />\r\nĐể ph&ugrave; hợp với m&agrave;u sắc của c&ocirc;ng ty hay của buổi khai trương m&agrave; kh&aacute;ch h&agrave;ng định tổ chức.</p>\r\n\r\n<p><img alt=\"dich vu mua lan khai truong 1\" src=\"https://greengroupbinhduong.com/wp-content/uploads/2022/08/dich-vu-mua-lan-khai-truong-1.jpg\" style=\"height:600px; width:900px\" /></p>\r\n\r\n<h2>Tại sao n&ecirc;n chọn Green Group l&agrave; nơi cho thu&ecirc; m&uacute;a l&acirc;n khai trương B&igrave;nh Dương?</h2>\r\n\r\n<p>Với đội ngũ được đ&agrave;o tạo v&agrave; c&oacute; nhiều năm kinh nghiệm trong m&uacute;a l&acirc;n ở c&aacute;c lễ hội lớn.<br />\r\nGreen Group hiện l&agrave; nơi chuy&ecirc;n cung cấp&nbsp;<strong>dịch vụ cho thu&ecirc; m&uacute;a l&acirc;n tại B&igrave;nh Dương</strong>&nbsp;v&agrave; c&aacute;c tỉnh l&acirc;n cận.<br />\r\nCh&uacute;ng t&ocirc;i sẽ đ&aacute;p ứng đầy đủ những y&ecirc;u cầu của kh&aacute;ch h&agrave;ng.<br />\r\nTạo n&ecirc;n một buổi khai trương hay lễ hội thật sự th&agrave;nh c&ocirc;ng tốt đẹp.</p>\r\n\r\n<p>Qua đ&oacute;, đem đến t&agrave;i lộc, thịnh vượng v&agrave; hơn hết l&agrave; sự h&agrave;i l&ograve;ng của kh&aacute;ch h&agrave;ng.<br />\r\nKh&ocirc;ng chỉ&nbsp;<strong>m&uacute;a l&acirc;n khai trương</strong>, ch&uacute;ng t&ocirc;i c&ograve;n&nbsp;<strong>m&uacute;a l&acirc;n trung thu</strong>,&nbsp;<strong>m&uacute;a l&acirc;n khởi c&ocirc;ng, kh&aacute;nh th&agrave;nh</strong>,&hellip;<br />\r\nVới mong muốn sẽ mang lại một tương lai ph&aacute;t triển cho kh&aacute;ch h&agrave;ng.</p>\r\n\r\n<p><strong>Thu&ecirc; m&uacute;a l&acirc;n tại B&igrave;nh Dương</strong>&nbsp;của&nbsp;<strong><a href=\"https://greengroupbinhduong.com/\">Green Group</a></strong>&nbsp;l&agrave; lựa chọn h&agrave;ng đầu của kh&aacute;ch h&agrave;ng hiện nay.</p>\r\n\r\n<p><img alt=\"mua lan khai truong 1\" src=\"https://greengroupbinhduong.com/wp-content/uploads/2022/08/mua-lan-khai-truong-1.jpg\" style=\"height:600px; width:900px\" /></p>\r\n\r\n<h3>Li&ecirc;n hệ tại đ&acirc;y :</h3>\r\n\r\n<p>C&Ocirc;NG TY TỔ CHỨC SỰ KIỆN TOUR DU LỊCH B&Igrave;NH DƯƠNG GREEN GROUP</p>\r\n\r\n<p>Số điện thoại :&nbsp;<a href=\"tel:0937310930\">0937 310 930</a>(Mr.Duy)</p>\r\n\r\n<p>Địa chỉ : Số 172 đường DX-014, P.Ph&uacute; Mỹ, TP.Thủ Dầu Một, B&igrave;nh Dương.</p>\r\n'),(14,8,'76000000','',10,'tieccuoi.jpg','Tổ Chức Tiệc Cưới','<h1>Dịch vụ tổ chức tiệc cưới v&agrave; bảng gi&aacute; b&agrave;n tiệc trọn g&oacute;i tại TPHCM</h1>\r\n\r\n<p><a href=\"https://galacenter.com.vn/category/kinh-nghiem-to-chuc-tiec-cuoi/\">Kinh nghiệm tổ chức tiệc cưới</a></p>\r\n\r\n<p>28/12/2022</p>\r\n\r\n<p>Đ&aacute;m cưới l&agrave; một sự kiện quan trọng đối với mỗi cặp đ&ocirc;i, v&igrave; thế bất kỳ một sơ suất n&agrave;o cũng c&oacute; thể ảnh hưởng đến ng&agrave;y vui của hai bạn. Tuy vậy, để chuẩn bị một đ&aacute;m cưới phải trải qua nhiều c&ocirc;ng việc kh&aacute;c nhau v&agrave; mất nhiều c&ocirc;ng sức. Trong khi hai bạn trẻ lại kh&ocirc;ng c&oacute; nhiều thời gian để sắp xếp, chuẩn bị mọi việc th&igrave; giải ph&aacute;p lựa chọn dịch vụ tổ chức tiệc cưới trọn g&oacute;i đang được nhiều cặp đ&ocirc;i trẻ quan t&acirc;m.&nbsp;</p>\r\n\r\n<p>Chắc hẳn bạn đ&atilde; từng tham gia một buổi tiệc cưới tuyệt đẹp của người kh&aacute;c nhưng c&oacute; lẽ bạn chưa hề thắc mắc l&agrave; đ&aacute;m cưới n&agrave;y được chuẩn bị thế n&agrave;o? Tất cả mọi thứ bao gồm mấy kh&acirc;u? V&agrave; chi ph&iacute; l&agrave; bao nhi&ecirc;u? Cho đến khi bạn thực sự l&agrave; nh&acirc;n vật ch&iacute;nh th&igrave; mới thấu hiểu được những điều đ&oacute;. Để tổ chức để một đ&aacute;m cưới từ A-Z kh&ocirc;ng phải l&agrave; điều dễ d&agrave;ng nếu kh&ocirc;ng muốn n&oacute;i l&agrave; rất kh&oacute; khăn, c&ocirc; d&acirc;u ch&uacute; rể v&agrave; cả những người th&acirc;n trong gia đ&igrave;nh đều phải chung tay nếu tự m&igrave;nh tổ chức.</p>\r\n\r\n<p><img alt=\"Sử dụng dịch vụ tổ chức tiệc cưới giúp bạn tiết kiệm công sức và tài chính\" src=\"https://galacenter.com.vn/wp-content/uploads/2021/02/1.jpg\" style=\"height:640px; width:960px\" /></p>\r\n\r\n<p><em>Sử dụng dịch vụ tổ chức tiệc cưới gi&uacute;p bạn tiết kiệm c&ocirc;ng sức v&agrave; t&agrave;i ch&iacute;nh</em></p>\r\n\r\n<h2><strong>L&Yacute; DO N&Ecirc;N LỰA CHỌN DỊCH VỤ TIỆC CƯỚI TRỌN G&Oacute;I</strong></h2>\r\n\r\n<p>Tiệc cưới l&agrave; một buổi lễ c&oacute; nhiều quan kh&aacute;ch tham dự, người th&acirc;n, bạn b&egrave; của hai b&ecirc;n gia đ&igrave;nh hội ngộ để ch&uacute;c ph&uacute;c cho cặp đ&ocirc;i. Nếu đ&aacute;m cưới được tổ chức chu đ&aacute;o, tận t&igrave;nh, chỉnh chu sẽ gi&uacute;p gia đ&igrave;nh cảm thấy h&atilde;nh diện v&agrave; nhận được nhiều lời khen từ c&aacute;c vị quan kh&aacute;ch. Nhưng hầu như c&aacute;c cặp đ&ocirc;i lại kh&ocirc;ng c&oacute; nhiều kinh nghiệm trong việc tổ chức đ&aacute;m cưới. Vậy n&ecirc;n, rất nhiều bạn lo lắng đ&aacute;m cưới của m&igrave;nh được tổ chức kh&ocirc;ng được chu đ&aacute;o, đồ ăn kh&ocirc;ng ngon, lo sợ sẽ c&oacute; nhiều sơ suất xảy ra m&agrave; kh&ocirc;ng thể kiểm so&aacute;t &hellip; V&agrave; c&ograve;n rất nhiều vấn đề cần phải lo toan nữa như b&agrave;n tiệc như thế n&agrave;o, thiệp cưới in ra sao, trang tr&iacute; kh&ocirc;ng gian theo phong c&aacute;ch g&igrave;, tổ chức ở đ&acirc;u &hellip; khiến bạn bối rối v&agrave; hoang mang.&nbsp;</p>\r\n\r\n<p>Đ&oacute; l&agrave; l&yacute; do m&agrave; rất nhiều c&ocirc; d&acirc;u, ch&uacute; rể sụt đến cả chục k&yacute; chỉ v&igrave; lo đ&aacute;m cưới, nhưng nếu bạn sử dụng dịch vụ tiệc cưới trọn g&oacute;i th&igrave; hầu như mọi vấn đề kh&oacute; khăn đều tan biến. Đ&acirc;y được xem như l&agrave; giải ph&aacute;p cứu nguy ho&agrave;n hảo gi&uacute;p h&ocirc;n lễ của cặp đ&ocirc;i th&ecirc;m trọn vẹn hạnh ph&uacute;c. Vậy dịch tổ chức tiệc cưới c&oacute; g&igrave; đặc biệt, bạn h&atilde;y c&ugrave;ng Gala Center kh&aacute;m ph&aacute; lợi &iacute;ch&nbsp; m&agrave; dịch vụ n&agrave;y đem lại nh&eacute;!</p>\r\n\r\n<h3><strong>ĐỠ TỐN C&Ocirc;NG SỨC CHUẨN BỊ</strong></h3>\r\n\r\n<p>Đ&aacute;m cưới bao gồm nhiều c&ocirc;ng đoạn, từ l&ecirc;n danh s&aacute;ch kh&aacute;ch mời, đặt thiệp cưới, dọn dẹp trang tr&iacute; nh&agrave; cửa, chuẩn bị nơi tổ chức tiệc &hellip; V&agrave; ở mỗi c&ocirc;ng đoạn đều sẽ c&oacute; những y&ecirc;u cầu, những điều cần lo toan kh&aacute;c nhau. Do đ&oacute; sẽ cần những b&ecirc;n dịch vụ kh&aacute;c nhau để chuẩn bị, nhưng như vậy rất tốn chi ph&iacute; v&agrave; c&ocirc;ng sức khi bạn phải chạy tới chạy lui để b&agrave;n bạc, trao đổi v&agrave; gi&aacute;m s&aacute;t.</p>\r\n\r\n<p>Ch&iacute;nh v&igrave; thế, dịch vụ tổ chức trọn g&oacute;i l&agrave; giải ph&aacute;p hữu &iacute;ch nhất v&agrave;o l&uacute;c n&agrave;y, bởi tất cả c&aacute;c vấn đề n&agrave;y đều được một b&ecirc;n dịch vụ xử l&yacute; từ A đến Z. Đồng thời bạn cũng kh&ocirc;ng cần phải qu&aacute; lo về việc l&ecirc;n kế hoạch, t&igrave;m địa điểm, chạy tới chạy lui để t&igrave;m dịch vụ v&igrave; mọi c&ocirc;ng việc chuẩn bị cho tiệc cưới đều đ&atilde; được dịch vụ tổ chức trọn g&oacute;i thực hiện cẩn thận. L&uacute;c n&agrave;y, việc của bạn l&agrave; nghỉ ngơi, chăm lo cho sức khỏe, tinh thần v&agrave; sắc đẹp của m&igrave;nh cho h&ocirc;n lễ sắp tới.</p>\r\n\r\n<p><img alt=\"dịch vụ tổ chức tiệc cưới\" src=\"https://galacenter.com.vn/wp-content/uploads/2021/12/64.jpg\" style=\"height:640px; width:960px\" /></p>\r\n\r\n<p><em>Bạn sẽ đỡ nhiều c&ocirc;ng sức chuẩn bị với dịch vụ tiệc cưới trọn g&oacute;i</em></p>\r\n\r\n<h3><strong>TIẾT KIỆM CHI CH&Iacute;</strong></h3>\r\n\r\n<p>Mỗi loại dịch vụ sẽ tốn một phần chi ph&iacute; ri&ecirc;ng, v&agrave; nếu như bạn d&agrave;n trải c&aacute;c c&ocirc;ng việc kh&aacute;c nhau cho nhiều b&ecirc;n dịch vụ th&igrave; sẽ th&agrave;nh một khoản chi ph&iacute; khổng lồ. Tuy nhi&ecirc;n, ng&acirc;n s&aacute;ch của c&aacute;c cặp đ&ocirc;i c&oacute; hạn vậy n&ecirc;n việc gom lại, lựa chọn một dịch vụ tiệc cưới trọn g&oacute;i sẽ giảm thiểu chi ph&iacute; đ&aacute;ng kể. Ngo&agrave;i ra, việc d&ugrave;ng loại h&igrave;nh dịch vụ n&agrave;y cũng sẽ hạn chế được c&aacute;c ph&aacute;t sinh kh&ocirc;ng đ&aacute;ng c&oacute; trong qu&aacute; tr&igrave;nh diễn ra tiệc cưới. Đặc biệt, việc sử dụng dịch vụ tiệc cưới c&ograve;n gi&uacute;p c&oacute; sự nhất qu&aacute;n, đồng đều từ c&aacute;c kh&acirc;u để tạo th&agrave;nh một buổi lễ ho&agrave;n chỉnh.</p>\r\n\r\n<p><strong>Xem th&ecirc;m:</strong><a href=\"https://galacenter.com.vn/bi-quyet-giup-tiet-kiem-chi-phi-khi-su-dung-dich-vu-to-chuc-tiec-cuoi/\" target=\"_blank\">&nbsp;<strong>Gợi &yacute; những mẹo tiết kiệm chi ph&iacute; tối ưu cho lễ cưới</strong></a></p>\r\n\r\n<p>Kh&ocirc;ng chỉ vậy, dịch vụ cưới trọn g&oacute;i sẽ c&oacute; nhiều g&oacute;i ưu đ&atilde;i d&agrave;nh cho bạn như giảm gi&aacute; b&agrave;n tiệc, tặng bia trong đ&aacute;m cưới, tặng voucher nghỉ dưỡng, voucher mua sắm &hellip; Nếu bạn tận dụng hợp l&yacute; những ưu đ&atilde;i tiệc cưới n&agrave;y, chắc hẳn bạn sẽ tiết kiệm kh&aacute; nhiều cho ng&acirc;n s&aacute;ch cưới của m&igrave;nh. Bởi th&ocirc;ng thường, dịch vụ tổ chức tiệc cưới c&oacute; nhiều mối quan hệ với c&aacute;c b&ecirc;n cung cấp n&ecirc;n gi&aacute; th&agrave;nh của những nguy&ecirc;n vật liệu trong tiệc cưới cũng sẽ được hưởng nhiều chiết khấu hơn so với việc bạn tự đi mua.</p>\r\n\r\n<p><img alt=\"Chương trình khuyến mãi hấp dẫn tại Gala Center\" src=\"https://galacenter.com.vn/wp-content/uploads/2022/08/2-8.jpg\" style=\"height:640px; width:960px\" /></p>\r\n\r\n<p><em>Một số chương tr&igrave;nh khuyến m&atilde;i hấp dẫn tại Gala Center</em></p>\r\n\r\n<h3><strong>HIỆN THỰC H&Oacute;A KH&Ocirc;NG GIAN TIỆC CƯỚI NHƯ &Yacute;&nbsp;</strong></h3>\r\n\r\n<p>Ai cũng muốn đ&aacute;m cưới chỉ n&ecirc;n duy nhất v&agrave; độc nhất trong cuộc đời m&igrave;nh, đặc biệt c&aacute;c n&agrave;ng ai cũng muốn trở th&agrave;nh c&ocirc;ng ch&uacute;a lộng lẫy nhất s&aacute;nh đ&ocirc;i c&ugrave;ng người bạn đời. Gala Center chắc chắn rằng, ai trong ch&uacute;ng ta cũng từng lưu lại v&agrave; c&oacute; những h&igrave;nh mẫu về một đ&aacute;m cưới trong mơ của m&igrave;nh, nhưng từ gi&acirc;y ph&uacute;t l&ecirc;n &yacute; tưởng tới việc thực hiện h&oacute;a kh&ocirc;ng phải l&agrave; điều dễ d&agrave;ng giữa mu&ocirc;n ng&agrave;n lựa chọn, phong c&aacute;ch &hellip; v&agrave; m&agrave;u sắc. Vậy n&ecirc;n khi lựa chọn dịch vụ tiệc cưới trọn g&oacute;i sẽ gi&uacute;p bạn lo toan mọi bước, tư vấn, g&oacute;p &yacute; để c&oacute; thể x&acirc;y dựng một kế hoạch tổ chức tiệc cưới ho&agrave;n hảo. L&uacute;c n&agrave;y, việc của bạn chỉ l&agrave; chuẩn bị tinh thần thật tốt, biết m&igrave;nh muốn đ&aacute;m cưới như thế n&agrave;o để biến n&oacute; th&agrave;nh hiện thực.</p>\r\n\r\n<p><img alt=\"dịch vụ tổ chức tiệc cưới\" src=\"https://galacenter.com.vn/wp-content/uploads/2021/01/19.jpg\" style=\"height:640px; width:960px\" /></p>\r\n\r\n<p><em>Kh&ocirc;ng gian tiệc cưới lộng lẫy được chuẩn bị bởi c&aacute;c dịch vụ cưới trọn g&oacute;i</em></p>\r\n\r\n<h3><strong>KINH NGHI&Ecirc;̣M VÀ SỰ CHUY&Ecirc;N NGHI&Ecirc;̣P</strong></h3>\r\n\r\n<p>Khi thời điểm tổ chức h&ocirc;n lễ cận kề, l&uacute;c n&agrave;y nhiều cặp đ&ocirc;i dễ rơi v&agrave;o t&igrave;nh trạng bị c&ocirc;ng việc &ldquo;đ&egrave;&rdquo; v&agrave; dễ mệt mỏi v&igrave; stress. Thay v&igrave; gắng gượng giải quyết n&oacute; nhưng mọi thứ lại chẳng đ&acirc;u v&agrave;o đ&acirc;u th&igrave; khi bạn chọn được một b&ecirc;n hỗ trợ tổ chức tiệc cho m&igrave;nh, c&ocirc;ng việc sẽ tốt hơn rất nhiều. Đặc biệt l&agrave; những c&ocirc;ng việc phức tạp hay kh&oacute; khăn th&igrave; bạn c&agrave;ng cần phải c&oacute; người chuy&ecirc;n m&ocirc;n v&agrave; nhiều kinh nghiệm đảm nhận. Nếu kh&ocirc;ng, một &ldquo;n&uacute;i&rdquo; c&ocirc;ng việc bạn sẽ chẳng thể ho&agrave;n th&agrave;nh. Mặt kh&aacute;c, khi c&oacute; nhiều nh&acirc;n sự c&ugrave;ng đảm đương tất nhi&ecirc;n sẽ bớt đi những rủi ro so với l&uacute;c bạn &ldquo;đơn độc&rdquo; lo toan.</p>\r\n\r\n<p><img alt=\"dịch vụ tổ chức tiệc cưới\" src=\"https://galacenter.com.vn/wp-content/uploads/2019/05/19.jpg\" style=\"height:640px; width:960px\" /></p>\r\n\r\n<p><em>Được tư vấn v&agrave; phục vụ chu đ&aacute;o bởi đội ngũ tư vấn chuy&ecirc;n nghiệp</em></p>\r\n\r\n<p>Đ&aacute;m cưới l&agrave; một ng&agrave;y trọng đại của c&aacute;c cặp đ&ocirc;i thế n&ecirc;n sẽ kh&ocirc;ng vui nếu như xảy ra sự cố trong bữa tiệc. Bằng việc sử dụng dịch vụ tổ chức tiệc cưới trọn g&oacute;i, mọi thứ lu&ocirc;n được đảm bảo diễn ra một c&aacute;ch ho&agrave;n hảo nhất. V&igrave; tất cả c&aacute;c nh&agrave; h&agrave;ng tiệc cưới hiện nay đều c&oacute; nhiều kinh nghiệm trong c&aacute;ch phục vụ, tận t&acirc;m tư vấn v&agrave; đ&aacute;p ứng nhu cầu của c&ocirc; d&acirc;u ch&uacute; rể một c&aacute;ch ho&agrave;n hảo, v&agrave; sẽ kh&ocirc;ng kh&oacute; hiểu khi những bữa tiệc cưới lu&ocirc;n tr&agrave;n ngập hạnh ph&uacute;c.</p>\r\n\r\n<p>Ngo&agrave;i ra, một khi bạn đặt dịch vụ trọn g&oacute;i, sẽ c&oacute; đội ngũ nh&acirc;n vi&ecirc;n chuy&ecirc;n nghiệp sẵn s&agrave;ng tư vấn cho bạn mọi l&uacute;c mọi nơi, c&ugrave;ng bạn l&ecirc;n &yacute; tưởng v&agrave; chọn phong cách tiệc cưới sao cho tuyệt mỹ nhất.</p>\r\n\r\n<p><strong>Xem th&ecirc;m:</strong><a href=\"https://galacenter.com.vn/tung-bung-ngay-vui-tai-gala-center-nha-hang-tiec-cuoi-quan-tan-binh/\" target=\"_blank\">&nbsp;<strong>Tưng bừng trọn vẹn niềm vui tại nh&agrave; h&agrave;ng tiệc cưới quận T&acirc;n B&igrave;nh &ndash; Gala Center</strong></a></p>\r\n\r\n<h3><strong>C&Ocirc; D&Acirc;U CH&Uacute; RỂ C&Oacute; THỜI GIAN NGHỈ NGƠI SAU Đ&Aacute;M CƯỚI</strong></h3>\r\n\r\n<p>Chuẩn bị c&aacute;c thủ tục cưới đ&atilde; vất vả v&agrave; &aacute;p lực nhưng sau khi đ&aacute;m cưới kết th&uacute;c th&igrave; việc dọn dẹp cũng khiến bạn cảm thấy ch&ugrave;n bước. Tuy nhi&ecirc;n bởi đ&acirc;y l&agrave; buổi lễ của ch&iacute;nh bạn, khi đ&oacute; việc của bạn cần chỉ l&agrave; nghỉ ngơi, c&ograve;n việc dọn dẹp sau đ&oacute; th&igrave; cứ để dịch vụ cưới lo liệu.</p>\r\n\r\n<h2><strong>C&Aacute;C MẸO NHỎ TRƯỚC KHI LỰA CHỌN DỊCH VỤ TỔ CHỨC TIỆC CƯỚI</strong></h2>\r\n\r\n<p>Dịch vụ tiệc cưới c&oacute; thể gi&uacute;p bạn chuẩn bị được bữa tiệc một c&aacute;ch trọn vẹn, nhanh ch&oacute;ng nhất. Tuy nhi&ecirc;n, trước khi ra quyết định t&igrave;m kiếm dịch vụ tổ chức ph&ugrave; hợp với nhu cầu v&agrave; t&agrave;i ch&iacute;nh c&aacute; nh&acirc;n th&igrave; bạn cần phải x&aacute;c định r&otilde; những ti&ecirc;u ch&iacute;, mong muốn của m&igrave;nh với bữa tiệc sắp diễn ra như thế n&agrave;o, để từ đ&oacute; nhận được sự tư vấn ph&ugrave; hợp nhất.</p>\r\n\r\n<h3><strong>X&Aacute;C ĐỊNH ĐƯỢC LƯỢNG KH&Aacute;CH MỜI THAM DỰ</strong></h3>\r\n\r\n<p>Việc x&aacute;c định lượng kh&aacute;ch mời tham dự đ&aacute;m cưới l&agrave; một điều quan trọng m&agrave; bạn kh&ocirc;ng thể bỏ qua khi tổ chức tiệc cưới. Bởi việc t&iacute;nh to&aacute;n số kh&aacute;ch mời c&oacute; thể gi&uacute;p bạn kiểm so&aacute;t được số lượng m&acirc;m cỗ, lựa chọn kh&ocirc;ng gian tổ chức cưới ph&ugrave; hợp, dự đo&aacute;n ng&acirc;n s&aacute;ch chi ph&iacute; v&agrave; c&ocirc;ng việc tiếp đ&oacute;n kh&aacute;ch cũng sẽ được diễn ra dễ d&agrave;ng hơn.&nbsp;</p>\r\n\r\n<p>Mặc d&ugrave; số lượng kh&aacute;ch kh&oacute; c&oacute; thể dự to&aacute;n ch&iacute;nh x&aacute;c nhưng bạn vẫn c&oacute; thể ước lượng nhờ v&agrave;o hai đối tượng kh&aacute;ch mời phổ biến như sau:</p>\r\n\r\n<p><strong>1. H&agrave;ng x&oacute;m, người th&acirc;n, bạn b&egrave; của bố mẹ</strong></p>\r\n\r\n<p>Đ&acirc;y chắc chắn l&agrave; số lượng kh&aacute;ch mời &ldquo;n&ograve;ng cốt&rdquo; v&agrave; chiếm ưu thế nhất của bữa tiệc. Bởi c&aacute;c bậc phụ huynh thường sẽ c&oacute; nhiều những mối quan hệ, người quen v&agrave; h&agrave;ng x&oacute;m. Đặc biệt những mối quan hệ n&agrave;y thường rất bền chặt, n&ecirc;n 90% kh&aacute;ch mời sẽ thuộc nh&oacute;m n&agrave;y.</p>\r\n\r\n<p>Tuy nhi&ecirc;n c&oacute; một điều m&agrave; bạn n&ecirc;n ch&uacute; &yacute;, v&igrave; phụ huynh c&oacute; mối quan hệ rộng n&ecirc;n để tr&aacute;nh t&igrave;nh trạng gửi thiệp qu&aacute; nhiều v&agrave; kh&ocirc;ng cần thiết, th&igrave; bạn c&oacute; thể b&agrave;n bạc với bố mẹ hai b&ecirc;n c&acirc;n nhắc mời những người hơn 2 năm kh&ocirc;ng li&ecirc;n lạc. Điều n&agrave;y c&oacute; thể chắc chắn hơn t&igrave;nh trạng kh&aacute;ch kh&ocirc;ng đi v&agrave; thừa b&agrave;n tiệc.</p>\r\n\r\n<p><strong>2. Bạn b&egrave;, đồng nghiệp</strong></p>\r\n\r\n<p>Sau khi đ&atilde; x&aacute;c định được kh&aacute;ch mời của bố mẹ th&igrave; nh&oacute;m tiếp theo sẽ l&agrave; kh&aacute;ch mời của bạn. Th&ocirc;ng thường, đa số bạn b&egrave; đồng nghiệp của bạn đ&atilde; lập gia đ&igrave;nh hoặc c&oacute; t&agrave;i ch&iacute;nh ổn định th&igrave; khi nhận được thiệp mời, chắc chắn họ sẽ tham dự.</p>\r\n\r\n<p>Tuy nhi&ecirc;n, để kh&aacute;ch mời tới đ&aacute;m cưới một c&aacute;ch ch&iacute;nh x&aacute;c nhất th&igrave; bạn n&ecirc;n lập ri&ecirc;ng một danh s&aacute;ch. Trong danh s&aacute;ch chia l&agrave;m hai nh&oacute;m: chắc chắn sẽ đi v&agrave; 70% sẽ đi.&nbsp;</p>\r\n\r\n<p>Nh&oacute;m một chắc chắn sẽ đi l&agrave; bạn b&egrave; th&acirc;n thiết hay đồng nghiệp th&acirc;n thiết hay gi&uacute;p đỡ nhau trong c&ocirc;ng việc v&agrave; cuộc sống. Nh&oacute;m kh&aacute;ch mời thứ hai vẫn sẽ l&agrave; những đối tượng n&agrave;y nhưng &iacute;t th&acirc;n thiết hơn như bạn b&egrave; thỉnh thoảng n&oacute;i chuyện, bạn b&egrave; cấp ba đ&atilde; l&acirc;u kh&ocirc;ng li&ecirc;n lạc &hellip; Nh&oacute;m n&agrave;y th&igrave; bạn n&ecirc;n c&acirc;n nhắc, xem x&eacute;t v&agrave; chọn lọc bởi c&oacute; thể họ sẽ kh&ocirc;ng đi hoặc gửi thiệp cưới cho bạn, nhưng đa số vẫn sẽ c&oacute; 80% số lượng bạn b&egrave; được mời sẽ đến dự đ&aacute;m cưới.</p>\r\n\r\n<h3><strong>LỰA CHỌN ĐỊA ĐIỂM THUẬN TIỆN</strong></h3>\r\n\r\n<p>C&oacute; thể bạn kh&ocirc;ng để &yacute; nhưng việc lựa chọn địa điểm cưới cũng l&agrave; một c&aacute;ch để bạn thể hiện sự quan t&acirc;m tới kh&aacute;ch mời của m&igrave;nh. Bởi việc đi một qu&atilde;ng đường d&agrave;i, qu&aacute; xa v&agrave; kh&oacute; kiếm c&oacute; thể ảnh hưởng tới cảm x&uacute;c, trải nghiệm của kh&aacute;ch mời khi đến tham dự bữa tiệc.&nbsp;</p>\r\n\r\n<p>Khi chọn địa điểm tổ chức tiệc cưới, bạn cũng cần c&acirc;n nhắc dựa tr&ecirc;n khoản ng&acirc;n s&aacute;ch cho ph&eacute;p. Bởi khi lựa chọn địa điểm cưới l&agrave; kh&ocirc;ng chỉ lựa chọn kh&ocirc;ng gian, m&agrave; c&ograve;n bao gồm chi ph&iacute; thu&ecirc; kh&ocirc;ng gian sảnh tiệc, trang tr&iacute;, ăn uống &hellip; Vậy n&ecirc;n bạn cần liệt k&ecirc; ra danh s&aacute;ch những trung t&acirc;m, nh&agrave; h&agrave;ng tiệc cưới trong khả năng t&agrave;i ch&iacute;nh cho ph&eacute;p để dễ d&agrave;ng lựa chọn hơn.</p>\r\n\r\n<p>Tuy nhi&ecirc;n, trước khi liệt k&ecirc; những danh s&aacute;ch nh&agrave; h&agrave;ng ph&ugrave; hợp th&igrave; bạn cần x&aacute;c định r&otilde; mong muốn của m&igrave;nh l&agrave; muốn tổ chức tiệc cưới ở kh&ocirc;ng gian như thế n&agrave;o, ngo&agrave;i trường hay một đ&aacute;m cưới lộng lẫy với hoa v&agrave; ảnh đ&egrave;n. Từ đ&oacute;, bạn sẽ nhanh ch&oacute;ng ho&agrave;n th&agrave;nh danh s&aacute;ch n&agrave;y hơn.</p>\r\n\r\n<h3><strong>X&Aacute;C ĐỊNH ĐƯỢC CHO M&Igrave;NH PHONG C&Aacute;CH Y&Ecirc;U TH&Iacute;CH</strong></h3>\r\n\r\n<p>Bạn muốn tiệc cưới của phải được thật đẹp, lộng lẫy nhưng bạn lại chẳng c&oacute; bất cứ một &yacute; tưởng n&agrave;o cụ thể? Điều n&agrave;y sẽ rất kh&oacute; khăn cho đội ngũ tổ chức tiệc khi kh&ocirc;ng c&oacute; phong c&aacute;ch mong muốn r&otilde; r&agrave;ng v&agrave; việc n&agrave;y sẽ mất rất nhiều thời gian để c&oacute; thể chuẩn bị v&agrave; trang tr&iacute;. Vậy n&ecirc;n, bạn cần chuẩn bị cho m&igrave;nh một phong c&aacute;ch cụ thể hay một bức h&igrave;nh để l&agrave;m t&agrave;i liệu tham khảo cho phong c&aacute;ch tổ chức m&agrave; bạn mong muốn, hơn nữa c&aacute;c nh&agrave; h&agrave;ng cũng dễ d&agrave;ng hơn trong việc định h&igrave;nh v&agrave; trang tr&iacute; bữa tiệc.</p>\r\n\r\n<p><img alt=\"Xác định cho mình phong cách cưới yêu thích là một điều vô cùng quan trọng\" src=\"https://galacenter.com.vn/wp-content/uploads/2021/02/9.jpg\" style=\"height:640px; width:960px\" /></p>\r\n\r\n<p><em>X&aacute;c định cho m&igrave;nh phong c&aacute;ch cưới y&ecirc;u th&iacute;ch l&agrave; một điều v&ocirc; c&ugrave;ng quan trọng</em></p>\r\n\r\n<p><strong><em>L&yacute; do lựa chọn dịch vụ cưới trọn g&oacute;i đ&atilde; c&oacute;, c&aacute;c lưu &yacute; để chọn ra được một dịch vụ cưới ph&ugrave; hợp cũng đ&atilde; ghi nhớ, vậy b&acirc;y giờ ch&iacute;nh l&agrave; l&uacute;c nắm r&otilde; về c&aacute;ch chọn lựa một địa điểm tổ chức tiệc cưới l&yacute; tưởng nhất. H&atilde;y c&ugrave;ng t&igrave;m hiểu với 5 th&ocirc;ng tin quan trọng b&ecirc;n dưới nh&eacute;!</em></strong></p>\r\n\r\n<h2><strong>HƯỚNG DẪN LỰA CHỌN TRUNG T&Acirc;M CUNG CẤP DỊCH VỤ CƯỚI L&Yacute; TƯỞNG CHO NG&Agrave;Y VUI</strong></h2>\r\n\r\n<p>Tiệc cưới l&agrave; một buổi lễ lớn bởi kh&ocirc;ng chỉ c&oacute; gia đ&igrave;nh, người th&acirc;n, bạn b&egrave; m&agrave; c&ograve;n c&oacute; nhiều mối quan hệ của hai b&ecirc;n gia đ&igrave;nh v&agrave; của c&ocirc; d&acirc;u ch&uacute; rể. Vậy n&ecirc;n việc lựa chọn dịch vụ tổ chức cần phải cẩn thận để đảm bảo kh&ocirc;ng c&oacute; sự cố hay khiến cho kh&aacute;ch mời cảm thấy kh&ocirc;ng h&agrave;i l&ograve;ng từ c&aacute;ch đ&oacute;n tiếp, đồ ăn, kh&ocirc;ng gian cưới v&agrave; c&aacute;ch phục vụ.&nbsp;</p>\r\n\r\n<p>Khi lựa chọn dịch vụ tổ chức tiệc cưới th&igrave; bạn cần lưu &yacute; những điều sau đ&acirc;y:</p>\r\n\r\n<h3><strong>CH&Uacute; &Yacute; ĐẾN KH&Ocirc;NG GIAN SẢNH TIỆC CƯỚI&nbsp;</strong></h3>\r\n\r\n<p>C&oacute; thể khi bạn tham khảo v&agrave; lựa chọn cho m&igrave;nh được những kh&ocirc;ng gian tiệc ưng &yacute; th&igrave; bạn cũng kh&ocirc;ng n&ecirc;n mừng vội. V&igrave; c&oacute; thể kh&ocirc;ng gian tiệc cưới m&agrave; bạn nh&igrave;n thấy tr&ecirc;n h&igrave;nh sẽ c&oacute; sự kh&aacute;c biệt với ngo&agrave;i đời v&agrave; rất kh&oacute; để bạn biết được những nhược điểm của ch&uacute;ng. Do đ&oacute;, để chắc chắn th&igrave; bạn v&agrave; gia đ&igrave;nh n&ecirc;n trực tiếp đến tận nơi để tham quan, lựa chọn sảnh tiệc cưới ph&ugrave; hợp với nhu cầu.</p>\r\n\r\n<p><img alt=\"dịch vụ tổ chức tiệc cưới\" src=\"https://galacenter.com.vn/wp-content/uploads/2022/12/6-5.jpg\" style=\"height:640px; width:960px\" /></p>\r\n\r\n<p><em>Kh&ocirc;ng gian sảnh tiệc n&ecirc;n đ&aacute;p ứng tốt cho lượng kh&aacute;ch mời đ&atilde; dự t&iacute;nh ban đầu</em></p>\r\n\r\n<p>Một b&iacute; quyết l&agrave; bạn n&ecirc;n lựa chọn sảnh tiệc cưới c&oacute; sức chứa rộng hơn so với số lượng kh&aacute;ch mời để gi&uacute;p c&aacute;c vị quan kh&aacute;ch c&oacute; một kh&ocirc;ng gian thoải m&aacute;i, m&agrave; kh&ocirc;ng cần phải lo qu&aacute; chật chội. Đồng thời việc n&agrave;y cũng gi&uacute;p ph&ograve;ng tr&aacute;nh việc thiếu b&agrave;n, m&agrave; kh&ocirc;ng gian cưới th&igrave; kh&ocirc;ng đủ chỗ để k&ecirc; th&ecirc;m.&nbsp;</p>\r\n\r\n<p>Một lưu &yacute; kh&aacute;c m&agrave; bạn c&oacute; thể ghi nhớ l&agrave; về độ c&aacute;ch tiếng ồn của sảnh tiệc. Điều n&agrave;y sẽ gi&uacute;p tạo kh&ocirc;ng gian ri&ecirc;ng tư cho tiệc cưới của bạn m&agrave; kh&ocirc;ng bị l&agrave;m phiền bởi những tiếng ồn kh&ocirc;ng li&ecirc;n quan.&nbsp;</p>\r\n\r\n<h3><strong>TRANG TR&Iacute; SẢNH TIỆC CƯỚI</strong></h3>\r\n\r\n<p>Sảnh tiệc cưới l&agrave; nơi l&ecirc;n khung h&igrave;nh nhiều nhất v&igrave; l&agrave; nơi c&ocirc; d&acirc;u ch&uacute; rể chụp ảnh với c&aacute;c vị kh&aacute;ch tham dự, khi đ&oacute; sảnh tiệc cưới cần đẹp v&agrave; sang trọng để c&oacute; thể gi&uacute;p cho bức h&igrave;nh trở n&ecirc;n lung linh hơn. Th&ocirc;ng thường ở c&aacute;c trung t&acirc;m tiệc cưới, sảnh tiệc cưới sẽ được trang tr&iacute; sẵn bằng những loại hoa giả. Tuy nhi&ecirc;n, nếu phong c&aacute;ch trang tr&iacute; bị lạc quẻ, kh&ocirc;ng c&ugrave;ng t&ocirc;ng m&agrave;u hay thiếu tinh tế th&igrave; d&ugrave; c&ocirc; d&acirc;u c&oacute; đẹp như thế n&agrave;o cũng kh&oacute; c&oacute; thể cứu vớt được tổng thể của bức h&igrave;nh.&nbsp;</p>\r\n\r\n<p>Tuy nhi&ecirc;n, nếu c&oacute; nhiều ng&acirc;n s&aacute;ch th&igrave; bạn ho&agrave;n to&agrave;n c&oacute; thể tự tay trang tr&iacute; hoặc thu&ecirc; dịch vụ trang tr&iacute; từ trung t&acirc;m tiệc cưới để thực hiện theo phong c&aacute;ch m&agrave; bạn đ&atilde; lựa chọn. Tuy nhi&ecirc;n để tiết kiệm chi ph&iacute; v&agrave; thời gian th&igrave; bạn c&oacute; thể lựa chọn c&aacute;c cổng hoa trang tr&iacute; c&oacute; sẵn tại trung t&acirc;m tổ chức tiệc cưới. Bởi đối những nh&agrave; h&agrave;ng tiệc cưới sang trọng th&igrave; việc trang tr&iacute; sẽ c&oacute; những thay đổi theo xu hướng v&agrave; theo m&ugrave;a n&ecirc;n bạn kh&ocirc;ng cần qu&aacute; lo lắng.</p>\r\n\r\n<p><img alt=\"dịch vụ tổ chức tiệc cưới\" src=\"https://galacenter.com.vn/wp-content/uploads/2021/04/1-1.jpg\" style=\"height:640px; width:960px\" /></p>\r\n\r\n<p><em>Sảnh cưới được trang tr&iacute; đẹp theo chủ đề m&agrave; cặp đ&ocirc;i y&ecirc;u th&iacute;ch</em></p>\r\n\r\n<h3><strong>CẨN THẬN KHI LỰA CHỌN THỰC ĐƠN CƯỚI</strong></h3>\r\n\r\n<p>Nếu kh&ocirc;ng gian tiệc cưới v&agrave; sảnh tiệc tạo được ấn tượng đối với c&aacute;c vị kh&aacute;ch tham dự ngay khi tham gia tiệc cưới, th&igrave; thực đơn tiệc cưới chắc chắn l&agrave; phần hồn của bữa tiệc. Do vậy, khi&nbsp;<a href=\"https://galacenter.com.vn/nhung-dieu-can-biet-khi-chon-lua-thuc-don-nha-hang-tiec-cuoi/\" target=\"_blank\">lựa chọn thực đơn tiệc cưới</a>&nbsp;th&igrave; bạn kh&ocirc;ng chỉ ch&uacute; trọng đến phong c&aacute;ch trang tr&iacute; bắt mắt, m&agrave; cần ch&uacute; trọng đến hương vị của m&oacute;n ăn.</p>\r\n\r\n<p>Một trong những lưu &yacute; quan trọng, đ&oacute; l&agrave; bạn kh&ocirc;ng n&ecirc;n lựa chọn những m&oacute;n ăn qu&aacute; lạ v&igrave; v&igrave; c&oacute; thể nhiều vị kh&aacute;ch sẽ kh&ocirc;ng quen v&agrave; kh&ocirc;ng thể thưởng thức trọn vẹn m&oacute;n ăn. Việc ch&uacute; trọng đến khẩu vị của c&aacute;c vị kh&aacute;ch cũng l&agrave; điều m&agrave; bạn kh&ocirc;ng n&ecirc;n bỏ qua.&nbsp;</p>\r\n\r\n<p><img alt=\"dịch vụ tổ chức tiệc cưới\" src=\"https://galacenter.com.vn/wp-content/uploads/2019/07/55.jpg\" style=\"height:640px; width:960px\" /></p>\r\n\r\n<p><em>Thực đơn tiệc cưới n&ecirc;n đ&aacute;p ứng tốt khẩu vị của c&aacute;c kh&aacute;ch mời</em></p>\r\n\r\n<p>Th&ocirc;ng thường c&aacute;c nh&agrave; h&agrave;ng tiệc cưới sẽ c&oacute; những thực đơn cố định để bạn lựa chọn. Điều n&agrave;y sẽ khiến thực đơn chỉ c&oacute; một m&agrave;u v&agrave; quan kh&aacute;ch tham dự th&igrave; đ&atilde; ăn qu&aacute; nhiều lần ở những nơi kh&aacute;c. Vậy n&ecirc;n một mẹo m&agrave; bạn c&oacute; thể s&aacute;ng tạo khi x&acirc;y dựng thực đơn cưới, đ&oacute; l&agrave; h&atilde;y chọn một v&agrave;i m&oacute;n ngon ở những thực đơn kh&aacute;c nhau, sau đ&oacute; gộp chung lại th&agrave;nh một thực đơn ch&iacute;nh thức. Điều n&agrave;y sẽ gi&uacute;p tạo n&ecirc;n một bữa tiệc mới lạ v&agrave; đặc sắc hơn d&agrave;nh cho c&aacute;c kh&aacute;ch mời, nhưng lưu &yacute; l&agrave; bạn n&ecirc;n y&ecirc;u cầu c&aacute;c đầu bếp v&agrave; chuy&ecirc;n gia ẩm thực tại nh&agrave; h&agrave;ng tư vấn liệu rằng c&aacute;c m&oacute;n ăn m&igrave;nh chọn c&oacute; &ldquo;h&ograve;a hợp&rdquo; với nhau kh&ocirc;ng đấy nh&eacute;!</p>\r\n\r\n<p>Thực đơn cưới rất quan trọng n&ecirc;n bạn h&atilde;y d&agrave;nh thời gian nghi&ecirc;n cứu thực đơn v&agrave; chọn lựa từng m&oacute;n ăn ph&ugrave; hợp với khẩu vị với chi ph&iacute; hợp l&yacute;. Đặc biệt, bạn n&ecirc;n lựa chọn những trung t&acirc;m tiệc cưới c&oacute; cho kh&aacute;ch h&agrave;ng nếm thử để trải nghiệm m&ugrave;i vị của m&oacute;n ăn trước khi đặt tiệc.&nbsp;</p>\r\n\r\n<h3><strong>CHẤT LƯỢNG PHỤC VỤ TIỆC CƯỚI CHUY&Ecirc;N NGHIỆP, TẬN T&Igrave;NH</strong></h3>\r\n\r\n<p>Khi bạn đến một qu&aacute;n ăn, d&ugrave; m&oacute;n ăn v&agrave; kh&ocirc;ng gian tiệc c&oacute; tuyệt vời nhưng th&aacute;i độ phục vụ k&eacute;m chuy&ecirc;n nghiệp th&igrave; c&oacute; lẽ bạn cũng sẽ chẳng bao giờ quay lại, v&agrave; nh&agrave; h&agrave;ng tiệc cưới cũng vậy. Th&aacute;i độ phục vụ kh&ocirc;ng tốt cũng c&oacute; thể khiến t&acirc;m trạng kh&aacute;ch mời ch&ugrave;ng xuống v&agrave; để lại ấn tượng xấu. Ngược lại, nếu đội ngũ tổ chức chuy&ecirc;n nghiệp, chu đ&aacute;o v&agrave; tận t&acirc;m th&igrave; sẽ g&oacute;p phần thể hiện sự trang trọng của buổi tiệc, gi&uacute;p h&ocirc;n lễ diễn ra thuận lợi, su&ocirc;n sẻ, ngập tr&agrave;n hạnh ph&uacute;c.&nbsp;</p>\r\n\r\n<h3><strong>ƯU Đ&Atilde;I V&Agrave; C&Aacute;C DỊCH VỤ TẶNG K&Egrave;M CỦA TRUNG T&Acirc;M TỔ CHỨC TIỆC</strong></h3>\r\n\r\n<p>Nếu ng&acirc;n s&aacute;ch cưới c&oacute; hạn, th&igrave; việc lựa chọn một địa điểm tổ chức c&oacute; gi&aacute; cả hợp l&yacute;, nhiều ưu đ&atilde;i c&ugrave;ng dịch vụ tặng k&egrave;m hấp dẫn chắc chắn sẽ gi&uacute;p bạn tiết kiệm một khoản ph&iacute; kh&ocirc;ng nhỏ. Đ&acirc;y l&agrave; l&uacute;c bạn đang ph&acirc;n v&acirc;n giữa nhiều lựa chọn với c&aacute;c y&ecirc;u điểm hấp dẫn, khi đ&oacute; c&aacute;c ưu đ&atilde;i sẽ l&agrave; yếu tố quyết định. Bạn cần phải &ldquo;l&yacute; tr&iacute;&rdquo; để tr&aacute;nh bị dụ dỗ bởi những ưu đ&atilde;i m&agrave; c&oacute; thể sẽ chọn nhầm những trung t&acirc;m tiệc cưới thiếu chuy&ecirc;n nghiệp, kh&ocirc;ng phải cứ hấp dẫn l&agrave; sẽ tốt.</p>\r\n\r\n<p><strong><em>Khi đ&atilde; biết được m&igrave;nh muốn g&igrave;, cần g&igrave; v&agrave; n&ecirc;n chuẩn bị g&igrave; trong khi lựa chọn trung t&acirc;m tổ chức tiệc cưới th&igrave; đ&acirc;y ch&iacute;nh l&agrave; l&uacute;c lựa chọn một nơi để tổ chức h&ocirc;n lễ. Thế nhưng, đ&acirc;u sẽ l&agrave; lựa chọn ho&agrave;n hảo d&agrave;nh cho bạn?</em></strong></p>\r\n\r\n<p>&nbsp;</p>\r\n\r\n<p>&nbsp;</p>\r\n\r\n<p>Giới thiệu trung t&acirc;m tổ chức tiệc cưới Gala Center</p>\r\n\r\n<h2><strong>DỊCH VỤ TỔ CHỨC TIỆC CƯỚI TẠI NH&Agrave; H&Agrave;NG GALA CENTER</strong></h2>\r\n\r\n<p>Ng&agrave;y nay khi đ&atilde; thấu hiểu được vấn đề của c&aacute;c cặp đ&ocirc;i, nhiều doanh nghiệp kinh doanh loại h&igrave;nh tổ chức tiệc cưới ra đời. Trong số đ&oacute;, nh&agrave; h&agrave;ng Gala Center lu&ocirc;n l&agrave; c&aacute;i t&ecirc;n được nhắc đến trong lĩnh vực n&agrave;y. Tại đ&acirc;y, bạn sẽ tư vấn chi tiết về c&aacute;c g&oacute;i tiệc cưới đa dạng với nhiều mức gi&aacute; kh&aacute;c nhau, ph&ugrave; hợp với mọi nhu cầu v&agrave; ng&acirc;n s&aacute;ch ri&ecirc;ng biệt.</p>\r\n\r\n<p>Kh&ocirc;ng chỉ l&agrave; trang tr&iacute; v&agrave; tổ chức tiệc cưới, nh&agrave; h&agrave;ng Gala Center c&ograve;n đặt sự an t&acirc;m cũng như sức khỏe của chủ tiệc v&agrave; kh&aacute;ch mời l&ecirc;n h&agrave;ng đầu khi mang đến những m&oacute;n ăn đa dạng, hợp xu hướng, c&oacute; sự kết hợp tinh tế giữa phong c&aacute;ch &Aacute; &ndash; &Acirc;u hiện đại. Đ&acirc;y đều l&agrave; những&nbsp;<a href=\"https://galacenter.com.vn/nha-hang-tiec-cuoi-quan-tan-binh-sang-trong-phong-cach-tay/\" target=\"_blank\">thực đơn tiệc cưới cao cấp</a>&nbsp;tại Gala Center, gi&uacute;p mang đến sự ngon miệng bất ngờ ở từng thực kh&aacute;ch tham dự. Chưa kể, từng m&oacute;n ăn được chế biến bởi ch&iacute;nh tay c&aacute;c đầu bếp hơn 25 năm kinh nghiệm, hứa hẹn sẽ tạo n&ecirc;n sự th&iacute;ch th&uacute; ngay từ lần thử đầu ti&ecirc;n.</p>\r\n\r\n<p><img alt=\"Dịch vụ tổ chức tại nhà hàng tiệc cưới quận Tân Bình Gala Center\" src=\"https://galacenter.com.vn/wp-content/uploads/2021/02/5-1.jpg\" style=\"height:640px; width:960px\" /></p>\r\n\r\n<p><img alt=\"Dịch vụ tổ chức tại nhà hàng tiệc cưới quận Tân Bình Gala Center\" src=\"https://galacenter.com.vn/wp-content/uploads/2021/02/6-1.jpg\" style=\"height:640px; width:960px\" /></p>\r\n\r\n<p><img alt=\"Dịch vụ tổ chức tại nhà hàng tiệc cưới quận Tân Bình Gala Center\" src=\"https://galacenter.com.vn/wp-content/uploads/2021/02/7-1.jpg\" style=\"height:640px; width:960px\" /></p>\r\n\r\n<p><em>Dịch vụ tổ chức tại nhà hàng ti&ecirc;̣c cưới qu&acirc;̣n T&acirc;n Bình Gala Center</em></p>\r\n\r\n<p>Kh&ocirc;ng chỉ l&agrave; trang tr&iacute; v&agrave; tổ chức tiệc cưới, nh&agrave; h&agrave;ng Gala Center c&ograve;n đặt sự an t&acirc;m v&agrave; sức khỏe của chủ tiệc v&agrave; kh&aacute;ch mời l&ecirc;n h&agrave;ng đầu khi mang đến&nbsp;<a href=\"https://galacenter.com.vn/hon-20-mau-thuc-don-tiec-cuoi-dang-cap-tai-nha-hang-gala-center/\" target=\"_blank\">những m&oacute;n ăn đa dạng, hợp xu hướng</a>, c&oacute; sự kết hợp tinh tế giữa phong c&aacute;ch &Aacute; &ndash; &Acirc;u hiện đại. Đ&acirc;y đều l&agrave; những thực đơn cao cấp v&agrave; đẳng cấp nhất tại Gala Center, gi&uacute;p mang đến sự ngon miệng bất ngờ ở từng thực kh&aacute;ch tham dự. Chưa kể, từng m&oacute;n ăn cũng được chế biến bởi ch&iacute;nh tay c&aacute;c đầu bếp hơn 25 năm kinh nghiệm, hứa hẹn sẽ tạo n&ecirc;n sự th&iacute;ch th&uacute; ngay từ lần thử đầu ti&ecirc;n.</p>\r\n\r\n<p><img alt=\"Những món ăn đậm chất Á - Âu nằm trong gói dịch vụ tổ chức tiệc cưới trọn gói tại Gala Center\" src=\"https://galacenter.com.vn/wp-content/uploads/2018/05/13.jpg\" style=\"height:640px; width:960px\" /></p>\r\n\r\n<p><img alt=\"Những món ăn đậm chất Á - Âu nằm trong gói dịch vụ tổ chức tiệc cưới trọn gói tại Gala Center\" src=\"https://galacenter.com.vn/wp-content/uploads/2019/04/5-1.jpg\" style=\"height:640px; width:960px\" /></p>\r\n\r\n<p><img alt=\"Những món ăn đậm chất Á - Âu nằm trong gói dịch vụ tổ chức tiệc cưới trọn gói tại Gala Center\" src=\"https://galacenter.com.vn/wp-content/uploads/2019/04/7.jpg\" style=\"height:640px; width:960px\" /></p>\r\n\r\n<p><em>Những m&oacute;n ăn đậm chất &Aacute; &ndash; &Acirc;u nằm trong g&oacute;i dịch vụ tổ chức tiệc cưới trọn g&oacute;i tại Gala Center</em></p>\r\n\r\n<p><strong>Để mang lại sự tiện lợi v&agrave; tiết kiệm nhất, bạn n&ecirc;n chọn dịch vụ cưới trọn g&oacute;i.</strong>&nbsp;Gala Center sẽ trực tiếp hỗ trợ mọi mặt, từ kh&acirc;u chuẩn bị s&acirc;n khấu, b&agrave;n tiệc, &acirc;m thanh &aacute;nh s&aacute;ng đến cả những tiết mục đặc sắc trong bữa tiệc. Ngo&agrave;i ra, nh&agrave; h&agrave;ng cũng mang đến nhiều ưu đ&atilde;i v&agrave; chương tr&igrave;nh cưới hấp dẫn, điều n&agrave;y sẽ g&oacute;p phần gi&uacute;p ng&agrave;y trọng đại của hai bạn th&ecirc;m trọn vẹn hạnh ph&uacute;c. Đ&ocirc;i bạn chỉ cần an t&acirc;m chờ đến ng&agrave;y v&agrave; nắm tay nhau bước đến lễ đường, trao nhau nụ h&ocirc;n thề v&agrave; nhận ch&uacute;c ph&uacute;c từ những người th&acirc;n y&ecirc;u m&agrave; th&ocirc;i.</p>\r\n\r\n<h2><strong>THAM KHẢO GI&Aacute; B&Agrave;N TIỆC TRỌN G&Oacute;I TẠI NH&Agrave; H&Agrave;NG GALA CENTER</strong></h2>\r\n\r\n<p>Hiểu được mong muốn của kh&aacute;ch h&agrave;ng về một tiệc cưới trọn vẹn với chi ph&iacute; tiết kiệm nhất, Gala Center lu&ocirc;n cung cấp những b&agrave;n tiệc cưới với mức gi&aacute; hấp dẫn, dao động từ mức gi&aacute; trung b&igrave;nh đến mức cao cấp để mang đến nhiều sự lựa chọn cho mọi cặp đ&ocirc;i. Tất cả b&agrave;n tiệc tại nh&agrave; h&agrave;ng đều được chuẩn bị chu đ&aacute;o với c&aacute;c thực đơn thơm ngon theo phong c&aacute;ch &Aacute; &ndash; &Acirc;u hấp dẫn, hứa hẹn sẽ tạo n&ecirc;n những buổi tiệc cưới ấn tượng v&agrave; đ&aacute;ng nhớ.</p>\r\n\r\n<p>Bạn c&oacute; thể tham khảo c&aacute;c mức gi&aacute; b&agrave;n tiệc theo c&aacute;c th&ocirc;ng tin b&ecirc;n dưới.</p>\r\n\r\n<h3><strong>THỰC ĐƠN TIỆC CƯỚI TẦM TRUNG &ndash; MỨC GI&Aacute; DƯỚI 6 TRIỆU ĐỒNG</strong></h3>\r\n\r\n<p><em><strong>Mẫu thực đơn đ&aacute;m cưới 1</strong></em></p>\r\n\r\n<ul>\r\n	<li>T&ocirc;m S&uacute; Chi&ecirc;n Gi&ograve;n Sốt Chua Cay Thượng Hải</li>\r\n	<li>Chả Gi&ograve; Chi&ecirc;n Gi&ograve;n Kiểu Hồng K&ocirc;ng</li>\r\n	<li>Ba Rọi X&ocirc;ng Kh&oacute;i Cuộn Phi L&ecirc; C&aacute; Đ&uacute;t L&ograve;</li>\r\n	<li>Cải Rổ Sốt S&ograve; Điệp</li>\r\n	<li>S&uacute;p B&agrave;o Ngư Hải Sản</li>\r\n	<li>Thăn Ngoại B&ograve; Mỹ Nướng Sốt Ti&ecirc;u Đỏ</li>\r\n	<li>Lẩu G&agrave; Hạnh Nh&acirc;n Với M&igrave; Trứng</li>\r\n	<li>Ch&egrave; Tuyết Nhĩ T&aacute;o Đỏ</li>\r\n</ul>\r\n\r\n<p><em><strong>Mẫu thực đơn đ&aacute;m cưới 2</strong></em></p>\r\n\r\n<ul>\r\n	<li>Chạo T&ocirc;m Sốt X&iacute; Muội</li>\r\n	<li>Gỏi Ức Vịt X&ocirc;ng Kh&oacute;i</li>\r\n	<li>B&ocirc;ng Cải Sốt Đ&ocirc;ng C&ocirc;</li>\r\n	<li>Lẩu Sa Tế Hải Sản Với B&uacute;n Tươi</li>\r\n	<li>C&aacute; Tầm Hấp Kỳ L&acirc;n</li>\r\n	<li>Bắp B&ograve; Nấu Tr&aacute;i Olive Với B&aacute;nh M&igrave;</li>\r\n	<li>S&uacute;p Bong B&oacute;ng C&aacute; T&oacute;c Ti&ecirc;n</li>\r\n	<li>B&aacute;nh Mousse Chanh D&acirc;y</li>\r\n</ul>\r\n\r\n<p><img alt=\"dịch vụ tổ chức tiệc cưới\" src=\"https://galacenter.com.vn/wp-content/uploads/2021/07/3-1.jpg\" style=\"height:640px; width:960px\" /></p>\r\n\r\n<p><em>Thăn b&ograve; Mỹ sốt ti&ecirc;u đỏ</em></p>\r\n\r\n<h3><strong>THỰC ĐƠN TIỆC CƯỚI CAO CẤP &ndash; MỨC GI&Aacute; TỪ 6 &ndash; 8 TRIỆU ĐỒNG</strong></h3>\r\n\r\n<p><em><strong>Mẫu thực đơn đ&aacute;m cưới 3</strong></em></p>\r\n\r\n<ul>\r\n	<li>Ba Rọi X&ocirc;ng Kh&oacute;i Cuộn Phi L&ecirc; C&aacute; Đ&uacute;t L&ograve;&nbsp;&nbsp;&nbsp;</li>\r\n	<li>Gỏi S&ograve; Điệp Hải Vị&nbsp;&nbsp;</li>\r\n	<li>Mực X&agrave;o Sốt XO&nbsp;</li>\r\n	<li>T&ocirc;m C&agrave;ng Nướng Ph&ocirc; Mai&nbsp;</li>\r\n	<li>Laghim Thập Cẩm Sốt G&acirc;n Nai Hải S&acirc;m</li>\r\n	<li>S&uacute;p Bong B&oacute;ng C&aacute; T&oacute;c Ti&ecirc;n&nbsp;</li>\r\n	<li>Lẩu Sa Tế Hải Sản Với B&uacute;n Tươi</li>\r\n	<li>Vịt Nướng Sốt Hạt T&ugrave;ng Tử Với B&aacute;nh Bao Chi&ecirc;n</li>\r\n	<li>Ch&egrave; Dưa T&acirc;y B&iacute;ch Ngọc</li>\r\n</ul>\r\n\r\n<p><em><strong>Mẫu thực đơn đ&aacute;m cưới 4</strong></em></p>\r\n\r\n<ul>\r\n	<li>B&ograve; X&agrave;o Kiểu Thượng Hải&nbsp;&nbsp;</li>\r\n	<li>Gỏi Sứa Trộn Mực Gala</li>\r\n	<li>Chả T&ocirc;m Bao Hạnh Nh&acirc;n Chi&ecirc;n Gi&ograve;n</li>\r\n	<li>C&aacute; Ling Hấp Kiểu Malaysia&nbsp;</li>\r\n	<li>Cải Rổ Sốt S&ograve; Điệp</li>\r\n	<li>S&uacute;p Vi C&aacute; Hồng X&iacute;u&nbsp;</li>\r\n	<li>Lẩu Hải Sản Th&aacute;i Lan V&agrave; B&uacute;n Tươi&nbsp;</li>\r\n	<li>Thăn Ngoại B&ograve; Mỹ Nướng Sốt Ti&ecirc;u Đỏ&nbsp;</li>\r\n	<li>B&aacute;nh Tiramisu</li>\r\n</ul>\r\n\r\n<p><img alt=\"dịch vụ tổ chức tiệc cưới\" src=\"https://galacenter.com.vn/wp-content/uploads/2019/04/3-2.jpg\" style=\"height:640px; width:960px\" /></p>\r\n\r\n<p><em>M&oacute;n sườn nướng trong c&aacute;c thực đơn tiệc cưới cao cấp tại Gala Center</em></p>\r\n\r\n<h3><strong>THỰC ĐƠN TIỆC CƯỚI THƯỢNG HẠNG &ndash; MỨC GI&Aacute; TR&Ecirc;N 8 TRIỆU ĐỒNG</strong></h3>\r\n\r\n<p><em><strong>Mẫu thực đơn đ&aacute;m cưới 5</strong></em></p>\r\n\r\n<ul>\r\n	<li>Gỏi B&ograve; Tẩm Ti&ecirc;u Chua Cay</li>\r\n	<li>T&ocirc;m S&uacute; Chi&ecirc;n Gi&ograve;n Sốt Cocktail</li>\r\n	<li>Ba Rọi X&ocirc;ng Kh&oacute;i Cuộn T&ocirc;m S&uacute; Đ&uacute;t L&ograve;</li>\r\n	<li>Lẩu Nấm Hải Sản Kiểu Nhật V&agrave; M&igrave; Somen</li>\r\n	<li>Hải Sản X&agrave;o Nấm Bạch Tuyết</li>\r\n	<li>S&uacute;p Vi C&aacute; Thịt Cua</li>\r\n	<li>C&aacute; Hồi Phi L&ecirc; Nướng Sốt Salsa</li>\r\n	<li>Ức Vịt Ph&aacute;p Nướng Sốt Artichor</li>\r\n	<li>Nho Mỹ</li>\r\n</ul>\r\n\r\n<p><em><strong>Mẫu thực đơn đ&aacute;m cưới 6</strong></em></p>\r\n\r\n<ul>\r\n	<li>Chả Gi&ograve; Chi&ecirc;n Gi&ograve;n Kiểu Hồng K&ocirc;ng</li>\r\n	<li>Gỏi B&ograve; Tứ Vị</li>\r\n	<li>Ức Vịt X&ocirc;ng Kh&oacute;i Sốt Việt Quất</li>\r\n	<li>C&aacute; Ch&igrave;nh Nướng Kiểu Gala</li>\r\n	<li>Sườn Cừu Nướng Sốt Rosemary</li>\r\n	<li>Laghim Thập Cẩm Sốt G&acirc;n Nai Hải S&acirc;m</li>\r\n	<li>Lẩu C&aacute; Tầm Măng Chua Với B&uacute;n Tươi</li>\r\n	<li>S&uacute;p Vi C&aacute; Hồng X&iacute;u</li>\r\n	<li>Ch&egrave; Đậu Hũ Hạnh Nh&acirc;n</li>\r\n</ul>\r\n\r\n<p><img alt=\"dịch vụ tổ chức tiệc cưới\" src=\"https://galacenter.com.vn/wp-content/uploads/2022/12/6-2.jpg\" style=\"height:640px; width:960px\" /></p>\r\n\r\n<p><em>M&oacute;n ngon chất lượng v&agrave; được chế biến cầu kỳ</em></p>\r\n\r\n<p>C&aacute;c thực đơn tiệc cưới mẫu từ Gala Center được thiết kế dựa tr&ecirc;n nhu cầu của nhiều kh&aacute;ch mời theo khẩu vị &Aacute; &ndash; &Acirc;u kết hợp. Nếu bạn c&oacute; nhu cầu thay đổi hoặc th&ecirc;m bớt c&aacute;c m&oacute;n ăn th&igrave; ho&agrave;n to&agrave;n c&oacute; thể li&ecirc;n hệ với đội ngũ tư vấn dịch vụ tổ chức tiệc cưới để x&acirc;y thực thực đơn theo &yacute; th&iacute;ch.</p>\r\n\r\n<h2><strong>TỔNG KẾT</strong></h2>\r\n\r\n<p>Qua những th&ocirc;ng tin tư vấn kể tr&ecirc;n chắc hẳn bạn đ&atilde; thấy được tầm quan trọng của việc sử dụng dịch vụ tổ chức tiệc cưới rồi chứ. Nếu bạn đang chuẩn bị kết đ&ocirc;i th&igrave; nh&agrave; h&agrave;ng Gala Center sẽ l&agrave; c&aacute;i t&ecirc;n đ&aacute;ng để bạn c&acirc;n nhắc. Với nhiều năm kinh nghiệm trong lĩnh vực cưới, ch&uacute;ng t&ocirc;i ho&agrave;n to&agrave;n tự tin sẽ l&agrave;m h&agrave;i l&ograve;ng đ&ocirc;i bạn trong ng&agrave;y vui của m&igrave;nh.</p>\r\n'),(15,7,'24990000','',20,'sankhausk.jpg','Cho Thuê Sân Khấu Sự Kiện','<p>Để một sự kiện th&agrave;nh c&ocirc;ng kh&ocirc;ng chỉ l&ecirc;n kế hoạch m&agrave; c&ograve;n những hạng mục thiết bị sự kiện.<br />\r\nTrong đ&oacute;, c&oacute; &acirc;m thanh &aacute;nh s&aacute;ng, nh&agrave; bạt v&agrave; đặc biệt l&agrave;&nbsp;<strong>s&acirc;n khấu</strong>.<br />\r\nGreen Group l&agrave; một trong những c&ocirc;ng ty chuy&ecirc;n&nbsp;<strong>cho thu&ecirc; s&acirc;n khấu tại B&igrave;nh Dương</strong>.</p>\r\n\r\n<h2>Vậy s&acirc;n khấu trong tổ chức sự kiện l&agrave; g&igrave;?</h2>\r\n\r\n<p><strong>S&acirc;n khấu</strong>&nbsp;l&agrave; trung t&acirc;m diễn ra mọi hoạt động của sự kiện.<br />\r\nĐược l&agrave;m từ những khung sắt v&agrave; mặt s&agrave;n l&agrave; những loại gỗ d&agrave;y, sơn chống thấm để đảm bảo an to&agrave;n.<br />\r\n<strong>S&acirc;n khấu sự kiện</strong>&nbsp;đ&oacute;ng vai tr&ograve; l&agrave; bộ mặt của sự kiện.<br />\r\nV&igrave; thế, để một sự kiện th&agrave;nh c&ocirc;ng th&igrave; s&acirc;n khấu c&oacute; k&iacute;ch thước ph&ugrave; hợp với từng sự kiện.<br />\r\nB&ecirc;n cạnh đ&oacute;, việc thiết kế s&acirc;n khấu đẹp cũng để lại những ấn tượng cho kh&aacute;ch mời tham dự.</p>\r\n\r\n<p><img alt=\"cho thue san khau su kien 1\" src=\"https://greengroupbinhduong.com/wp-content/uploads/2022/08/thue-san-khau-su-kien-1.jpg\" style=\"height:600px; width:900px\" /></p>\r\n\r\n<h2>Tại sao n&ecirc;n thu&ecirc; s&acirc;n khấu sự kiện?</h2>\r\n\r\n<p>Những lợi &iacute;ch khi&nbsp;<strong>thu&ecirc; s&acirc;n khấu</strong>&nbsp;l&agrave; :</p>\r\n\r\n<h3>1.Thể hiện t&iacute;nh chuy&ecirc;n m&ocirc;n trong sự kiện</h3>\r\n\r\n<p>Một sự kiện d&ugrave; lớn hay nhỏ cũng cần một khu vực để s&acirc;n khấu.<br />\r\nBởi lẽ,&nbsp;<strong>s&acirc;n khấu sự kiện</strong>&nbsp;l&agrave; t&acirc;m điểm của mọi hoạt động diễn ra trong sự kiện.<br />\r\nC&oacute; s&acirc;n khấu như c&oacute; th&ecirc;m năng lượng, th&ecirc;m sự ch&uacute; &yacute; đến với sự kiện.<br />\r\nThể hiện t&iacute;nh chuy&ecirc;n m&ocirc;n v&agrave; để lại ấn tượng đối với kh&aacute;ch mời tham gia.</p>\r\n\r\n<h3>2.Thu&ecirc; s&acirc;n khấu sự kiện sẽ để lại ấn tượng s&acirc;u sắc</h3>\r\n\r\n<p>Một s&acirc;n khấu với đ&egrave;n led hay trang tr&iacute; bắt mắt sẽ đập v&agrave;o mặt người tham dự ngay khi tới sự kiện.<br />\r\nHơn nữa, tạo một kh&ocirc;ng gian thật sang trọng cũng như hấp dẫn.<br />\r\nTạo n&ecirc;n một sự kiện thật th&agrave;nh c&ocirc;ng tốt đẹp.</p>\r\n\r\n<p><img alt=\"thue san khau su kien tai binh duong 1\" src=\"https://greengroupbinhduong.com/wp-content/uploads/2022/08/thue-san-khau-su-kien-tai-binh-duong-1.jpg\" style=\"height:600px; width:900px\" /></p>\r\n\r\n<h2>C&aacute;c loại s&acirc;n khấu của Green Group</h2>\r\n\r\n<p>Đa số những sự kiện đều cần&nbsp;<strong><a href=\"https://greengroupbinhduong.com/cho-thue-san-khau-su-kien-tai-binh-duong\">thu&ecirc; s&acirc;n khấu sự kiện</a></strong>&nbsp;như :</p>\r\n\r\n<ul>\r\n	<li>S&acirc;n khấu sự kiện khai trương, kh&aacute;nh th&agrave;nh, ra mắt sản phẩm mới.</li>\r\n	<li>S&acirc;n khấu sự kiện khởi c&ocirc;ng, động thổ</li>\r\n	<li>S&acirc;n khấu lễ cưới hỏi</li>\r\n	<li>S&acirc;n khấu live show ca nhạc</li>\r\n	<li>S&acirc;n khấu chương tr&igrave;nh trung thu, tết thiếu nhi,&hellip;</li>\r\n	<li>Cho thu&ecirc; s&acirc;n khấu trọn g&oacute;i theo y&ecirc;u cầu</li>\r\n</ul>\r\n\r\n<h2>Tại sao n&ecirc;n thu&ecirc; s&acirc;n khấu sự kiện tại B&igrave;nh Dương của Green Group?</h2>\r\n\r\n<p>Green Group l&agrave; cty&nbsp;<strong><a href=\"https://greengroupbinhduong.com/\">tổ chức sự kiện B&igrave;nh Dương</a></strong>&nbsp;h&agrave;ng đầu hiện nay.<br />\r\nVới trang thiết bị sự kiện hiện đại, được đổi mới h&agrave;ng ng&agrave;y.<br />\r\nC&ugrave;ng&nbsp;<strong>bảng gi&aacute; cho thu&ecirc; s&acirc;n khấu</strong>&nbsp;v&ocirc; c&ugrave;ng hợp l&yacute;.<br />\r\nV&igrave; vậy, Green Group lu&ocirc;n l&agrave; đơn vị uy t&iacute;n, cố gắng mang đến cho kh&aacute;ch h&agrave;ng những sự kiện th&agrave;nh c&ocirc;ng nhất.</p>\r\n\r\n<p>Kh&ocirc;ng chỉ&nbsp;<strong>cho thu&ecirc; s&acirc;n khấu sự kiện tại B&igrave;nh Dương</strong>.<br />\r\nCh&uacute;ng t&ocirc;i c&ograve;n cho thu&ecirc; những hạng mục đi k&egrave;m s&acirc;n khấu như backdrop, m&agrave;n h&igrave;nh led, thảm đỏ sự kiện,&hellip;<br />\r\nHi vọng sẽ gi&uacute;p qu&yacute; kh&aacute;ch h&agrave;ng tổ chức những sự kiện thật th&agrave;nh c&ocirc;ng.</p>\r\n\r\n<p><img alt=\"thue san khau su kien 1\" src=\"https://greengroupbinhduong.com/wp-content/uploads/2022/08/cho-thue-san-khau-su-kien-1.jpg\" style=\"height:600px; width:900px\" /></p>\r\n\r\n<h3>Li&ecirc;n hệ tại đ&acirc;y :</h3>\r\n\r\n<p>C&Ocirc;NG TY TỔ CHỨC SỰ KIỆN TOUR DU LỊCH B&Igrave;NH DƯƠNG GREEN GROUP</p>\r\n\r\n<p>Số điện thoại :&nbsp;<a href=\"tel:0937310930\">0937 310 930</a>(Mr.Duy)</p>\r\n\r\n<p>Địa chỉ : Số 172 đường DX-014, P.Ph&uacute; Mỹ, TP.Thủ Dầu Một, B&igrave;nh Dương.</p>\r\n'),(16,0,'50000000','',10,'khaitruong.jpg','Tổ Chức Khai Trương','<h2>Dịch Vụ Tổ Chức Khai Trương Trọn G&oacute;i</h2>\r\n\r\n<p>Hiện nay, kinh tế đang dần phục hồi sau đại dịch, c&aacute;c doanh nghiệp, cửa h&agrave;ng bắt đầu ng&agrave;y c&agrave;ng tăng.<br />\r\nNhu cầu&nbsp;<strong><a href=\"https://greengroupbinhduong.com/to-chuc-su-kien-khai-truong/\">cần t&igrave;m đơn vị tổ chức khai trương</a></strong>&nbsp;cũng bắt đầu ng&agrave;y c&agrave;ng nhiều.</p>\r\n\r\n<p><strong>C&ocirc;ng ty tổ chức sự kiện B&igrave;nh Dương Green Group</strong>&nbsp;hiện l&agrave; đơn vị dẫn đầu về&nbsp;<strong>dịch vụ tổ chức khai trương</strong>.<br />\r\nVới nhiều năm kinh nghiệm c&ugrave;ng với đầy đủ trang thiết bị từ m&uacute;a l&acirc;n khai trương, ban nhạc, s&acirc;n khấu, MC, ca sĩ,&hellip;<br />\r\nTất cả mang đến cho qu&yacute; kh&aacute;ch một ng&agrave;y khai trường thật hồng ph&aacute;t v&agrave; thuận lợi.</p>\r\n\r\n<h2>Vậy tổ chức khai trương l&agrave; g&igrave;?</h2>\r\n\r\n<p><strong>Tổ chức khai trương</strong>&nbsp;t&ecirc;n tiếng anh l&agrave; Grand Opening l&agrave; một trong những sự kiện quan trọng của doanh nghiệp.<br />\r\n<strong>Tổ chức sự kiện khai trương</strong>&nbsp;l&agrave; đ&aacute;nh dấu sự ra đời của một cơ sở kinh doanh, một doanh nghiệp, một cửa h&agrave;ng n&agrave;o đ&oacute;.<br />\r\nĐồng thời,&nbsp;<strong>sự kiện khai trương</strong>&nbsp;c&ograve;n mang &yacute; nghĩa t&acirc;m linh, phong thuỷ gi&uacute;p cho chủ doanh nghiệp đạt những th&agrave;nh c&ocirc;ng trong c&ocirc;ng việc.</p>\r\n\r\n<p><img alt=\"tổ chức sự kiện khai trương\" src=\"https://greengroupbinhduong.com/wp-content/uploads/2022/07/ktcty-grando_225-scaled.jpg\" style=\"height:600px; width:900px\" /></p>\r\n\r\n<h2>&Yacute; nghĩa của việc tổ chức khai trương</h2>\r\n\r\n<p><strong>Tổ chức lễ khai trương</strong>&nbsp;kh&ocirc;ng chỉ l&agrave; việc tổ chức một buổi ra mắt m&agrave; c&ograve;n c&oacute; &yacute; nghĩa giới thiệu, quảng b&aacute; sản phẩm.<br />\r\nTạo hiệu ứng đ&aacute;m đ&ocirc;ng để tiếp cận những kh&aacute;ch h&agrave;ng tiềm năng trong tương lai.<br />\r\n<strong>Khai trương</strong>&nbsp;phải lu&ocirc;n tạo được ấn tượng, độc đ&aacute;o, thu h&uacute;t người xung quanh quan t&acirc;m.<br />\r\nQua đ&oacute;, tạo được t&iacute;nh thương mại để kh&aacute;ch h&agrave;ng dễ d&agrave;ng t&igrave;m đến doanh nghiệp của m&igrave;nh.</p>\r\n\r\n<p>B&ecirc;n cạnh đ&oacute;,&nbsp;<strong>tổ chức khai trương</strong>&nbsp;c&ograve;n mang &yacute; nghĩa phong thuỷ, gi&aacute; trị tinh thần cho mỗi doanh nghiệp.<br />\r\nĐ&aacute;nh dấu bước khởi đầu thuận lợi, su&ocirc;n sẻ, thuận buồm xu&ocirc;i gi&oacute;.</p>\r\n\r\n<h2>Kịch bản tổ chức sự kiện khai trương</h2>\r\n\r\n<p><strong><a href=\"https://greengroupbinhduong.com/to-chuc-su-kien-khai-truong\">Tổ chức sự kiện khai trương</a></strong>&nbsp;diễn ra th&agrave;nh c&ocirc;ng tốt đẹp việc chuẩn bị&nbsp;<strong>kịch bản khai trương</strong>&nbsp;l&agrave; điều v&ocirc; c&ugrave;ng cần thiết.</p>\r\n\r\n<h3>1.X&aacute;c định &yacute; tưởng, chủ đề khai trương.</h3>\r\n\r\n<p>Việc l&ecirc;n &yacute; tưởng, chủ đề khai trương phụ thuộc v&agrave;o nhu cầu kh&aacute;ch h&agrave;ng. V&igrave; vậy, việc lấy th&ocirc;ng tin cũng như x&aacute;c định chủ đề khai trương rất quan trọng.</p>\r\n\r\n<h3>2.L&ecirc;n thời gian, địa điểm tổ chức khai trương</h3>\r\n\r\n<p><strong>Tổ chức khai trương</strong>&nbsp;cần x&aacute;c định thời gian v&agrave; địa điểm tổ chức.<br />\r\nBởi, để tổ chức sự kiện th&agrave;nh c&ocirc;ng v&agrave; tạo được tiếng vang cần số lượng kh&aacute;ch mời m&agrave; kh&aacute;ch mời cần những thời gian ph&ugrave; hợp như cuối tuần.<br />\r\nĐịa điểm thường l&agrave; tổ chức tại nơi kinh doanh để c&oacute; thể quảng b&aacute; sản phẩm, dịch vụ tốt hơn.</p>\r\n\r\n<p><img alt=\"dịch vụ tổ chức khai trương\" src=\"https://greengroupbinhduong.com/wp-content/uploads/2022/07/ktcty-grando_193-scaled.jpg\" style=\"height:600px; width:900px\" /></p>\r\n\r\n<h3>3.L&ecirc;n danh s&aacute;ch kh&aacute;ch mời</h3>\r\n\r\n<p>Doanh nghiệp cần c&oacute; danh s&aacute;ch kh&aacute;ch mời sớm để dự t&iacute;nh số lượng b&agrave;n ghế, chỗ ngồi,&hellip;<br />\r\nTừ đ&oacute;, tiến h&agrave;nh in ấn thiệp mời khai trương v&agrave; gửi cho kh&aacute;ch mời để sắp xếp thời gian dự đ&uacute;ng giờ.</p>\r\n\r\n<h3>4.Tiến h&agrave;nh chạy thử chương tr&igrave;nh</h3>\r\n\r\n<p>Sau khi c&aacute;c bước chuẩn bị đ&atilde; ho&agrave;n tất, ch&uacute;ng ta tiến h&agrave;nh chạy thử chương tr&igrave;nh.<br />\r\nTừ việc in&nbsp;<strong>backdrop khai trương</strong>,s&acirc;n khấu, b&agrave;n ghế, tiệc nhẹ đều được chuẩn bị tỉ mỉ.<br />\r\nTất cả những chi tiết n&agrave;y đều được&nbsp;<strong>tổ chức sự kiện B&igrave;nh Dương Green Event</strong>&nbsp;lo trọn g&oacute;i cho kh&aacute;ch h&agrave;ng.</p>\r\n\r\n<p>5.Cuối c&ugrave;ng l&agrave; tiến h&agrave;nh tổ chức lễ khai trương</p>\r\n\r\n<p>Tiến h&agrave;nh&nbsp;<strong>sự kiện khai trương</strong>&nbsp;theo như thời gian địa điểm đ&atilde; x&aacute;c định.</p>\r\n\r\n<p>Một số điều cần thiết trong khai trương như :</p>\r\n\r\n<p>&ndash; C&uacute;ng khai trương</p>\r\n\r\n<p>&ndash; Đ&oacute;n tiếp kh&aacute;ch mời</p>\r\n\r\n<p>&ndash; Phần giới thiệu của MC</p>\r\n\r\n<p>&ndash; Tiết mục m&uacute;a l&acirc;n khai trương</p>\r\n\r\n<p>&ndash; Người đại diện l&ecirc;n ph&aacute;t biểu</p>\r\n\r\n<p>&ndash; Cắt băng khai trương</p>\r\n\r\n<p>&ndash; Tiệc nhẹ c&ugrave;ng với đ&oacute; l&agrave; phần bốc thăm tr&uacute;ng thưởng, văn nghệ.</p>\r\n\r\n<p>&ndash; Cuối c&ugrave;ng l&agrave; kết th&uacute;c chương tr&igrave;nh khai trương th&agrave;nh c&ocirc;ng tốt đẹp</p>\r\n\r\n<p><img alt=\"dịch vụ tổ chức sự kiện khai trương Bình Dương\" src=\"https://greengroupbinhduong.com/wp-content/uploads/2022/07/VTT04793-scaled.jpg\" style=\"height:600px; width:900px\" /></p>\r\n\r\n<h2>Dịch vụ tổ chức lễ khai trương tại B&igrave;nh Dương của Green Group</h2>\r\n\r\n<p>Tại B&igrave;nh Dương, c&aacute;c dịch vụ tổ chức sự kiện ng&agrave;y một nhiều.<br />\r\nNhưng để chọn một đơn vị ph&ugrave; hợp,&nbsp;<strong>tổ chức khai trương trọn g&oacute;i gi&aacute; rẻ chuy&ecirc;n nghiệp</strong>&nbsp;l&agrave; điều v&ocirc; c&ugrave;ng nan giải đối với kh&aacute;ch h&agrave;ng.</p>\r\n\r\n<p>Với nhiều năm kinh nghiệm trong lĩnh vực&nbsp;<strong>tổ chức sự kiện khai trương B&igrave;nh Dương</strong>.<br />\r\n<strong><a href=\"https://greengroupbinhduong.com/\">Green Group</a></strong>&nbsp;l&agrave; đơn vị chuy&ecirc;n&nbsp;<strong>tổ chức sự kiện khai trương B&igrave;nh Dương</strong>&nbsp;h&agrave;ng đầu hiện nay.</p>\r\n\r\n<p>Ch&uacute;ng t&ocirc;i được nhiều đơn vị tin tưởng kh&ocirc;ng chỉ tại B&igrave;nh Dương m&agrave; c&ograve;n ở c&aacute;c tỉnh th&agrave;nh l&acirc;n cận.<br />\r\nTừ khai trương spa, khai trương showroom, khai trương cửa h&agrave;ng tới khai trương nh&agrave; m&aacute;y. x&iacute; nghiệp,..<br />\r\nCh&uacute;ng t&ocirc;i đều hỗ trợ doanh nghiệp tối ưu mọi chi ph&iacute; v&agrave; kh&ocirc;ng ph&aacute;t sinh.</p>\r\n\r\n<p>Ch&iacute;nh v&igrave; thế, khi qu&yacute; kh&aacute;ch h&agrave;ng c&oacute; nhu cầu&nbsp;<strong>tổ chức khai trương tại B&igrave;nh Dương</strong>.<br />\r\nH&atilde;y li&ecirc;n hệ ngay với ch&uacute;ng t&ocirc;i để được tư vấn miễn ph&iacute; v&agrave; nhận nhiều g&oacute;i ưu đ&atilde;i hấp dẫn nhất.</p>\r\n\r\n<h3>Li&ecirc;n hệ tại đ&acirc;y :</h3>\r\n\r\n<p>C&Ocirc;NG TY TỔ CHỨC SỰ KIỆN TOUR DU LỊCH B&Igrave;NH DƯƠNG GREEN GROUP</p>\r\n\r\n<p>Số điện thoại :&nbsp;<a href=\"tel:0937310930\">0937 310 930</a>(Mr.Duy)</p>\r\n\r\n<p>Địa chỉ : 172 đường DX-014, P.Ph&uacute; Mỹ, TP.Thủ Dầu Một, B&igrave;nh Dương.</p>\r\n'),(18,8,'70000000','',10,'lekyniem.jpg','Tổ Chức Lễ Kỷ Niệm','<h2>Tổ Chức Sự Kiện Lễ Kỷ Niệm Th&agrave;nh Lập C&ocirc;ng Ty, Doanh Nghiệp</h2>\r\n\r\n<p><strong>Sự kiện kỷ niệm ng&agrave;y th&agrave;nh lập c&ocirc;ng ty, doanh nghiệp</strong>&nbsp;l&agrave; đ&aacute;nh dấu cột mốc ng&agrave;y c&ocirc;ng ty được th&agrave;nh lập.<br />\r\nNgo&agrave;i ra, đ&acirc;y cũng l&agrave; dịp để ph&iacute;a c&ocirc;ng ty b&agrave;y tỏ tri &acirc;n kh&aacute;ch h&agrave;ng với những kh&aacute;ch h&agrave;ng th&acirc;n thiết.<br />\r\nTri &acirc;n những nh&acirc;n vi&ecirc;n xuất sắc trong c&ocirc;ng ty đ&atilde; cống hiến hết m&igrave;nh.</p>\r\n\r\n<p>Ch&iacute;nh v&igrave; thế, việc t&igrave;m đơn vị&nbsp;<strong><a href=\"https://greengroupbinhduong.com/to-chuc-su-kien-le-ky-niem\">tổ chức sự kiện lễ kỷ niệm</a></strong>&nbsp;l&agrave; điều v&ocirc; c&ugrave;ng cần thiết.</p>\r\n\r\n<h2>Vậy &yacute; nghĩa tổ chức sự kiện lễ kỷ niệm l&agrave; g&igrave;?</h2>\r\n\r\n<p><strong>Lễ kỷ niệm th&agrave;nh lập c&ocirc;ng ty, doanh nghiệp</strong>&nbsp;mang &yacute; nghĩa v&ocirc; c&ugrave;ng to lớn đối với nh&acirc;n vi&ecirc;n, đối t&aacute;c v&agrave; kh&aacute;ch h&agrave;ng.<br />\r\nN&oacute; như một lời tri &acirc;n v&agrave; cảm ơn đến tất cả c&aacute;c nh&acirc;n vi&ecirc;n, kh&aacute;ch h&agrave;ng, đối t&aacute;c đ&atilde; gắn b&oacute; c&ugrave;ng c&ocirc;ng ty trong chặng đường ph&aacute;t triển.</p>\r\n\r\n<p>V&igrave; thế,&nbsp;<strong>lễ kỷ niệm th&agrave;nh lập c&ocirc;ng ty</strong>&nbsp;như khẳng định được những th&agrave;nh quả m&agrave; c&ocirc;ng ty đạt được.<br />\r\nĐồng thời, gi&uacute;p kh&aacute;ch h&agrave;ng c&oacute; niềm tin mạnh mẽ về sản phẩm, dịch vụ của c&ocirc;ng ty.</p>\r\n\r\n<p><img alt=\"to chuc su kien le ky niem\" src=\"https://greengroupbinhduong.com/wp-content/uploads/2022/07/407d732bb81e7b40220f.jpg\" style=\"height:900px; width:1200px\" /></p>\r\n\r\n<h2>Kế hoạch tổ chức lễ kỷ niệm th&agrave;nh lập c&ocirc;ng ty</h2>\r\n\r\n<p>Để&nbsp;<strong>tổ chức sự kiện lễ kỷ niệm th&agrave;nh lập c&ocirc;ng ty</strong>&nbsp;b&ecirc;n cạnh những vấn đề cần chuẩn bị nh&acirc;n sự, trang thiết bị.<br />\r\nCh&uacute;ng ta c&ograve;n phải x&acirc;y dựng được một kế hoạch để sự kiện diễn ra được trọn vẹn.</p>\r\n\r\n<h3>1. Lựa chọn thời gian, địa điểm tổ chức</h3>\r\n\r\n<p>Địa điểm tổ chức đ&oacute;ng g&oacute;p một phần quan trọng trong việc x&acirc;y dựng kế hoạch v&agrave; l&ecirc;n &yacute; tưởng.<br />\r\nViệc lựa chọn địa điểm ph&ugrave; hợp sẽ gi&uacute;p kh&aacute;ch h&agrave;ng di chuyển thuận tiện, tr&aacute;nh những sự cố.<br />\r\nN&ecirc;n chọn địa điểm l&agrave; tại c&ocirc;ng ty để g&oacute;p phần quảng b&aacute; thương hiệu, h&igrave;nh ảnh của c&ocirc;ng ty hơn.<br />\r\nNgo&agrave;i ra, c&oacute; thể lựa chọn c&aacute;c nh&agrave; h&agrave;ng, kh&aacute;ch sạn, trung t&acirc;m hội nghị để tổ chức lễ kỷ niệm thật ho&agrave;nh tr&aacute;ng, sang trọng.</p>\r\n\r\n<p>Thời gian tổ chức thường sẽ được chọn v&agrave;o ng&agrave;y cuối tuần để kh&aacute;ch h&agrave;ng c&oacute; thời gian r&atilde;nh đi dự.<br />\r\nBố tr&iacute; thời gian hợp l&yacute; để chuẩn bị c&aacute;c hạng mục cần thiết như s&acirc;n khấu, backdrop, b&agrave;n ghế,&hellip;.</p>\r\n\r\n<h3>2. L&ecirc;n danh s&aacute;ch kh&aacute;ch mời</h3>\r\n\r\n<p>Sau khi đ&atilde; chọn được địa điểm, thời gian tổ chức, ch&uacute;ng ta tiến h&agrave;nh l&ecirc;n danh s&aacute;ch kh&aacute;ch mời.<br />\r\nBao gồm nh&acirc;n vi&ecirc;n c&ocirc;ng ty, đối t&aacute;c v&agrave; kh&aacute;ch h&agrave;ng th&acirc;n thiết,&hellip;<br />\r\nIn thiệp gửi đi sớm, thường l&agrave; trước 1 đến 2 tuần để kh&aacute;ch h&agrave;ng sắp xếp thời gian đến tham dự.</p>\r\n\r\n<h3>3. Chuẩn bị qu&agrave; tặng</h3>\r\n\r\n<p>Chuẩn bị qu&agrave; tặng thật xinh xắn, g&oacute;i cẩn thận để tặng những kh&aacute;ch mời đến tham dự.<br />\r\nĐ&oacute; cũng l&agrave; một phần rất quan trọng để đưa những sản phẩm của c&ocirc;ng ty</p>\r\n\r\n<p><img alt=\"to chuc le ky niem thanh lap cong ty\" src=\"https://greengroupbinhduong.com/wp-content/uploads/2022/07/af5f0f65fe503d0e6441.jpg\" style=\"height:900px; width:1200px\" /></p>\r\n\r\n<h2>Dịch vụ tổ chức sự kiện lễ kỷ niệm th&agrave;nh lập c&ocirc;ng ty, doanh nghiệp Green Group</h2>\r\n\r\n<p>Green Group l&agrave; c&ocirc;ng ty tổ chức sự kiện h&agrave;ng đầu tại B&igrave;nh Dương.<br />\r\nVới nhiều năm trong nghề sự kiện, c&ugrave;ng với đội ngũ nh&acirc;n sự trẻ trung năng động.<br />\r\nCh&uacute;ng t&ocirc;i đ&atilde; tổ chức v&ocirc; số sự kiện bao gồm sự kiện khai trương, sự kiện kh&aacute;nh th&agrave;nh, lễ kỷ niệm,&hellip;</p>\r\n\r\n<p>Bất cứ sự kiện n&agrave;o cũng được ch&uacute;ng t&ocirc;i tối ưu mọi chi ph&iacute;, quản l&yacute; chương tr&igrave;nh trọn vẹn.<br />\r\nCh&iacute;nh v&igrave; thế, chọn&nbsp;<strong><a href=\"https://greengroupbinhduong.com/\">Green Group</a></strong>&nbsp;l&agrave; đơn vị&nbsp;<strong>tổ chức lễ kỷ niệm th&agrave;nh lập c&ocirc;ng ty</strong>&nbsp;l&agrave; lựa chọn v&ocirc; c&ugrave;ng cần thiết.<br />\r\nCh&uacute;ng t&ocirc;i sẽ mang đến cho qu&yacute; kh&aacute;ch h&agrave;ng những sự kiện chất lượng chuy&ecirc;n nghiệp nhất.</p>\r\n\r\n<p><img alt=\"le ky niem thanh lap cong ty\" src=\"https://greengroupbinhduong.com/wp-content/uploads/2022/07/b4ae99886abda9e3f0ac.jpg\" style=\"height:900px; width:1200px\" /></p>\r\n\r\n<p>Mọi th&ocirc;ng tin xin li&ecirc;n hệ b&ecirc;n dưới để được tư vấn nhanh nhất.</p>\r\n\r\n<h3>Li&ecirc;n hệ tại đ&acirc;y :</h3>\r\n\r\n<p>C&Ocirc;NG TY TỔ CHỨC SỰ KIỆN TOUR DU LỊCH B&Igrave;NH DƯƠNG GREEN GROUP</p>\r\n\r\n<p>Số điện thoại :&nbsp;<a href=\"tel:0937310930\">0937 310 930</a>(Mr.Duy)</p>\r\n\r\n<p>Địa chỉ : Số 172 đường DX-014, P.Ph&uacute; Mỹ, TP.Thủ Dầu Một, B&igrave;nh Dương.</p>\r\n'),(19,8,'77000000','',10,'tatnien.jpg','Tổ Chức Tất Niên','<h2>Vậy tiệc tất ni&ecirc;n c&ocirc;ng ty l&agrave; g&igrave;?</h2>\r\n\r\n<p><strong><a href=\"https://greengroupbinhduong.com/to-chuc-tiec-tat-nien\">Tổ chức tiệc tất ni&ecirc;n c&ocirc;ng ty</a></strong>&nbsp;hay c&ograve;n gọi l&agrave;&nbsp;<strong>tổ chức year end party</strong>.<br />\r\nL&agrave; một sự kiện rất quan trọng với c&aacute;c c&ocirc;ng ty, doanh nghiệp diễn ra v&agrave;o dịp cuối năm.<br />\r\n<strong>Bữa tiệc tất ni&ecirc;n</strong>&nbsp;thường được tổ chức tại c&ocirc;ng ty hoặc nh&agrave; h&agrave;ng.<br />\r\nC&aacute;c c&ocirc;ng ty, doanh nghiệp&nbsp;<strong>tổ chức tiệc tất ni&ecirc;n</strong>&nbsp;nhằm tổng kết, nh&igrave;n lại một năm đ&atilde; qua.<br />\r\nĐ&acirc;y cũng l&agrave; dịp để b&aacute;o c&aacute;o những th&agrave;nh tựu đ&atilde; đạt được trong năm vừa qua.<br />\r\nĐề ra những định hướng ph&aacute;t triển cho c&ocirc;ng ty v&agrave;o năm sau.<br />\r\nQua đ&oacute;, b&agrave;y tỏ l&ograve;ng cảm ơn tới nh&acirc;n vi&ecirc;n cũng như vinh danh, khen thưởng c&aacute;c c&aacute; nh&acirc;n, tập thể c&oacute; th&agrave;nh t&iacute;ch xuất sắc.</p>\r\n\r\n<p><strong>Tiệc tất ni&ecirc;n</strong>&nbsp;thường được tổ chức v&agrave;o dịp cuối năm.<br />\r\nTuy nhi&ecirc;n, t&ugrave;y thuộc v&agrave;o từng nhu cầu của c&ocirc;ng ty m&agrave; được tổ chức sớm hoặc trễ hơn.</p>\r\n\r\n<p><img alt=\"don vi to chuc tiec tat nien cuoi nam 1\" src=\"https://greengroupbinhduong.com/wp-content/uploads/2022/08/don-vi-to-chuc-tiec-tat-nien-cuoi-nam-1.jpg\" style=\"height:600px; width:900px\" /></p>\r\n\r\n<h2>Quy tr&igrave;nh tổ chức tiệc tất ni&ecirc;n cho c&ocirc;ng ty</h2>\r\n\r\n<p>Muốn tổ chức một buổi tất ni&ecirc;n kh&ocirc;ng phải l&agrave; điều dễ d&agrave;ng với c&aacute;c c&ocirc;ng ty.<br />\r\nBởi v&igrave; v&agrave;o cuối năm, số lượng c&ocirc;ng việc tăng cao, đ&ograve;i hỏi cần nhiều thời gian.<br />\r\nCh&iacute;nh v&igrave; thế, cần c&oacute;&nbsp;<strong>kế hoạch tổ chức lễ tất ni&ecirc;n</strong>&nbsp;cuối năm cụ thể.<br />\r\nGreen Group sẽ gi&uacute;p bạn n&ecirc;u ra quy tr&igrave;nh tổ chức cụ thể để c&oacute; một tiệc tất ni&ecirc;n th&agrave;nh c&ocirc;ng tốt đẹp.</p>\r\n\r\n<h3>1.Ước lượng quy m&ocirc; tổ chức tiệc tất ni&ecirc;n c&ocirc;ng ty</h3>\r\n\r\n<p>Việc x&aacute;c định&nbsp;<strong>quy m&ocirc; tổ chức tiệc cuối năm</strong>&nbsp;dựa tr&ecirc;n nhiều yếu tố.<br />\r\nCh&iacute;nh v&igrave; thế, tốt nhất c&aacute;c doanh nghiệp n&ecirc;n chuẩn bị trước khoảng 2 th&aacute;ng.<br />\r\nX&aacute;c định số lượng người tham gia v&agrave; cả chi ph&iacute; tổ chức.<br />\r\nC&oacute; như vậy mới đảm bảo được sự th&agrave;nh c&ocirc;ng cho bữa tiệc tất ni&ecirc;n.</p>\r\n\r\n<h3>2.X&aacute;c định thời gian, địa điểm tổ chức</h3>\r\n\r\n<p>Bước tiếp theo l&agrave; t&igrave;m kiếm địa điểm tổ chức, cũng như thời gian&nbsp;<strong>tổ chức tiệc tất ni&ecirc;n</strong>.<br />\r\nTh&ocirc;ng thường, c&aacute;c c&ocirc;ng ty doanh nghiệp sẽ chọn dịp cuối năm dựa tr&ecirc;n Tết &Acirc;m lịch để tổ chức.<br />\r\nĐịa điểm được lựa chọn thường l&agrave; tại c&ocirc;ng ty(nếu c&ocirc;ng ty rộng v&agrave; c&oacute; đầy đủ kh&ocirc;ng gian).<br />\r\nMột số kh&aacute;c chọn c&aacute;c nh&agrave; h&agrave;ng l&agrave;m&nbsp;<strong>tiệc tất ni&ecirc;n</strong>.<br />\r\nMột số kh&aacute;c nữa sẽ tổ chức những khu đất trống m&agrave; đơn vị&nbsp;<strong>tổ chức sự kiện tiệc tất ni&ecirc;n</strong>&nbsp;cung cấp.</p>\r\n\r\n<p><img alt=\"to chuc tat nien cong ty 1\" src=\"https://greengroupbinhduong.com/wp-content/uploads/2022/08/to-chuc-tat-nien-cong-ty-1.jpg\" style=\"height:600px; width:900px\" /></p>\r\n\r\n<h3>3.L&ecirc;n danh s&aacute;ch kh&aacute;ch mời v&agrave; thực đơn trong buổi tiệc</h3>\r\n\r\n<p>Để c&oacute; được một&nbsp;<strong>buổi tiệc tất ni&ecirc;n</strong>&nbsp;th&agrave;nh c&ocirc;ng tốt đẹp.<br />\r\nNgo&agrave;i nh&acirc;n vi&ecirc;n c&ocirc;ng ty, c&ograve;n cần c&oacute; những kh&aacute;ch mời như đối t&aacute;c, kh&aacute;ch h&agrave;ng hoặc c&aacute;c doanh nghiệp gần đ&oacute;.<br />\r\nDo đ&oacute;, cần chuẩn bị in ấn thiệp mời gửi đi trước để kh&aacute;ch mời chuẩn bị v&agrave; đến dự theo đ&uacute;ng lịch.</p>\r\n\r\n<p>Sau đ&oacute; l&agrave; phần chuẩn bị thực đơn cho bữa tiệc sao cho ph&ugrave; hợp nhất.<br />\r\nC&acirc;n đối c&aacute;c m&oacute;n ăn để c&oacute; một tiệc tất ni&ecirc;n để lại ấn tượng s&acirc;u sắc cho mội người tham gia.</p>\r\n\r\n<h3>4.X&aacute;c định qu&agrave; tặng trong buổi tiệc tất ni&ecirc;n</h3>\r\n\r\n<p>Trong&nbsp;<strong>tiệc tất ni&ecirc;n</strong>&nbsp;kh&ocirc;ng thể n&agrave;o thiếu được phần ph&aacute;t qu&agrave; hay quay số may mắn được.<br />\r\nBởi lẽ đ&acirc;y l&agrave; điều hầu hết c&aacute;c nh&acirc;n vi&ecirc;n trong c&ocirc;ng ty mong chờ nhất.<br />\r\nCh&iacute;nh v&igrave; thế, cần chuẩn bị những phần qu&agrave; ph&ugrave; hợp để tặng cho những người tham dự.<br />\r\nCũng như những phần qu&agrave; khen thưởng cho c&aacute;c c&aacute; nh&acirc;n, tập thể xuất sắc trong c&ocirc;ng ty.<br />\r\nC&oacute; thể d&ugrave;ng những sản phẩm m&agrave; c&ocirc;ng ty sản xuất.<br />\r\nHoặc đặt mua những m&oacute;n qu&agrave; tặng thiết thực từ b&ecirc;n ngo&agrave;i.</p>\r\n\r\n<h3>5.Tiến h&agrave;nh setup những hạng mục trước khi diễn ra tiệc tất ni&ecirc;n</h3>\r\n\r\n<p>Bước cuối c&ugrave;ng l&agrave; tiến h&agrave;nh chuẩn bị những hạng mục trước khi&nbsp;<strong><a href=\"https://greengroupbinhduong.com/to-chuc-tiec-tat-nien\">tổ chức tiệc tất ni&ecirc;n</a></strong>.<br />\r\nNhững hạng mục bao gồm : s&acirc;n khấu, b&agrave;n ghế, m&agrave;n h&igrave;nh led, backdrop tất ni&ecirc;n,&hellip;<br />\r\nSẽ được c&ocirc;ng ty&nbsp;<strong>tổ chức sự kiện</strong>&nbsp;chuẩn bị trước từ 2 &ndash; 3 ng&agrave;y trước khi diễn ra.</p>\r\n\r\n<p><img alt=\"to chuc tiec tat nien 1\" src=\"https://greengroupbinhduong.com/wp-content/uploads/2022/08/to-chuc-tiec-tat-nien-1.jpg\" style=\"height:600px; width:900px\" /></p>\r\n\r\n<h2>Vậy tổ chức tiệc tất ni&ecirc;n cho c&ocirc;ng ty c&oacute; &yacute; nghĩa như thế n&agrave;o?</h2>\r\n\r\n<p><strong>Tiệc tất ni&ecirc;n cho c&ocirc;ng ty</strong>&nbsp;c&oacute; &yacute; nghĩa rất lớn kh&ocirc;ng chỉ với nh&acirc;n vi&ecirc;n m&agrave; c&ograve;n với doanh nghiệp.<br />\r\nĐ&acirc;y kh&ocirc;ng chỉ l&agrave; buổi tiệc ăn uống m&agrave; c&ograve;n l&agrave; buổi tiệc tri &acirc;n cũng như tổng kết năm cũ sang năm mới.<br />\r\nV&igrave; vậy, h&atilde;y c&ugrave;ng Green Group điểm qua những &yacute; nghĩa m&agrave; tiệc tất ni&ecirc;n mang lại nh&eacute;.</p>\r\n\r\n<h3>1.Tổng kết v&agrave; nh&igrave;n lại một năm đ&atilde; qua</h3>\r\n\r\n<p>Cuối năm l&agrave; thời điểm c&aacute;c c&ocirc;ng ty, doanh nghiệp c&ugrave;ng nh&igrave;n nhận, tổng kết lại những việc đ&atilde; l&agrave;m được trong năm vừa qua.<br />\r\nTừ đ&oacute;, ban l&atilde;nh đạo sẽ đ&uacute;c kết được kinh nghiệm.<br />\r\nĐưa ra những giải ph&aacute;p cũng như định hướng cho năm tới.</p>\r\n\r\n<h3>2.Tri &acirc;n c&aacute; nh&acirc;n, tập thể nh&acirc;n vi&ecirc;n trong c&ocirc;ng ty</h3>\r\n\r\n<p><strong>Tổ chức tiệc tất ni&ecirc;n</strong>&nbsp;cũng l&agrave; dịp để tri &acirc;n nh&acirc;n vi&ecirc;n.<br />\r\nNhững người đ&atilde; c&oacute; đ&oacute;ng g&oacute;p kh&ocirc;ng nhỏ trong suốt chặng đường ph&aacute;t triển của c&ocirc;ng ty.<br />\r\nCh&iacute;nh v&igrave; thế, đ&acirc;y l&agrave; dịp để ban l&atilde;nh đạo b&agrave;y tỏ sự tri &acirc;n đến c&aacute;c nh&acirc;n vi&ecirc;n.<br />\r\nQua đ&oacute;, khen thưởng c&aacute;c c&aacute; nh&acirc;n, tập thể c&oacute; th&agrave;nh t&iacute;ch xuất sắc.</p>\r\n\r\n<h3>3.Tổ chức tiệc tất ni&ecirc;n c&ograve;n gi&uacute;p gắn kết nội bộ</h3>\r\n\r\n<p>Đ&acirc;y cũng l&agrave; cơ hội để gắn kết nội bộ trong c&ocirc;ng ty.<br />\r\nKh&ocirc;ng phải l&uacute;c n&agrave;o tất cả c&aacute;c th&agrave;nh vi&ecirc;n trong c&ocirc;ng ty cũng c&oacute; dịp qu&acirc;y quần b&ecirc;n nhau.<br />\r\nCh&iacute;nh v&igrave; thế, đ&acirc;y l&agrave; cơ hội l&yacute; tưởng để học hỏi, giao lưu với nhau.<br />\r\nX&oacute;a bỏ những r&agrave;o cản về cấp tr&ecirc;n hay cấp dưới để x&acirc;y dựng c&ocirc;ng ty ng&agrave;y c&agrave;ng ph&aacute;t triển.</p>\r\n\r\n<h3>4.G&oacute;p phần truyền th&ocirc;ng cho c&ocirc;ng ty</h3>\r\n\r\n<p>Ngo&agrave;i những &yacute; nghĩa tr&ecirc;n th&igrave;&nbsp;<strong>tiệc tất ni&ecirc;n</strong>&nbsp;c&ograve;n mang lại gi&aacute; trị truyền th&ocirc;ng cực kỳ cao.<br />\r\nĐể lại ấn tượng đối với kh&aacute;ch h&agrave;ng cũng như với đối t&aacute;c.<br />\r\nTạo dựng thương hiệu v&agrave; niềm tin trong mắt mọi người.<br />\r\nTừ đ&oacute;, gi&uacute;p c&ocirc;ng ty c&agrave;ng ng&agrave;y ph&aacute;t triển v&agrave; vững mạnh hơn.</p>\r\n\r\n<p><img alt=\"to chuc tiec tat nien cho cong ty 1\" src=\"https://greengroupbinhduong.com/wp-content/uploads/2022/08/to-chuc-tiec-tat-nien-cho-cong-ty-1.jpg\" style=\"height:600px; width:900px\" /></p>\r\n\r\n<h2>Green Group &ndash; Đơn vị tổ chức tiệc tất ni&ecirc;n tại B&igrave;nh Dương h&agrave;ng đầu hiện nay</h2>\r\n\r\n<p>C&oacute; rất nhiều đơn vị&nbsp;<strong>tổ chức tiệc tất ni&ecirc;n</strong>&nbsp;hiện nay.<br />\r\nNhưng đ&acirc;u mới l&agrave; nơi uy t&iacute;n, chuy&ecirc;n nghiệp m&agrave; tối ưu chi ph&iacute; cho kh&aacute;ch h&agrave;ng.<br />\r\nĐ&oacute; l&agrave; điều kh&ocirc;ng phải kh&aacute;ch h&agrave;ng n&agrave;o cũng biết được.</p>\r\n\r\n<p><strong><a href=\"https://greengroupbinhduong.com/\">Green Group</a></strong>&nbsp;l&agrave; một đơn vị tổ chức sự kiện chuy&ecirc;n nghiệp.<br />\r\nCh&uacute;ng t&ocirc;i cung cấp đầy đủ c&aacute;c hạng mục cho&nbsp;<strong>tiệc tất ni&ecirc;n</strong>&nbsp;m&agrave; kh&ocirc;ng qua trung gian.<br />\r\nGi&uacute;p kh&aacute;ch h&agrave;ng tối ưu chi ph&iacute;, tiết kiệm được một khoảng tiền lớn.<br />\r\nHơn nữa, ch&uacute;ng t&ocirc;i c&ograve;n cung cấp c&aacute;c&nbsp;<strong>địa điểm tổ chức tiệc tất ni&ecirc;n tại B&igrave;nh Dương</strong>.<br />\r\nKhi kh&aacute;ch h&agrave;ng kh&ocirc;ng c&oacute; đủ kh&ocirc;ng gian tổ chức th&igrave; lựa chọn Green Group l&agrave; điều đ&aacute;ng được quan t&acirc;m.</p>\r\n\r\n<p>Ch&uacute;ng t&ocirc;i c&oacute; đội ngũ nh&acirc;n sự chuy&ecirc;n nghiệp.<br />\r\nĐ&atilde; tổ chức tất ni&ecirc;n cho nhiều đơn vị, c&ocirc;ng ty, doanh nghiệp lớn nhỏ tại B&igrave;nh Dương v&agrave; c&aacute;c tỉnh l&acirc;n cận.<br />\r\nDo đ&oacute;, khi kh&aacute;ch h&agrave;ng cần&nbsp;<strong>tổ chức tất ni&ecirc;n</strong>&nbsp;h&atilde;y li&ecirc;n hệ ngay với ch&uacute;ng t&ocirc;i.<br />\r\nTổng đ&agrave;i tư vấn v&agrave; chăm s&oacute;c kh&aacute;ch h&agrave;ng hoạt động 24/7.<br />\r\nĐảm bảo những&nbsp;<strong>buổi tiệc tất ni&ecirc;n</strong>&nbsp;để lại ấn tượng s&acirc;u sắc cho kh&aacute;ch mời v&agrave; doanh nghiệp.</p>\r\n\r\n<h3>Li&ecirc;n hệ tại đ&acirc;y :</h3>\r\n\r\n<p>C&Ocirc;NG TY TỔ CHỨC SỰ KIỆN TOUR DU LỊCH B&Igrave;NH DƯƠNG GREEN GROUP</p>\r\n\r\n<p>Số điện thoại :&nbsp;<a href=\"tel:0937310930\">0937 310 930</a>(Mr.Duy)</p>\r\n\r\n<p>Địa chỉ : Số 172 đường DX-014, P.Ph&uacute; Mỹ, TP.Thủ Dầu Một, B&igrave;nh Dương.</p>\r\n');
/*!40000 ALTER TABLE `tbl_sanpham` ENABLE KEYS */;
UNLOCK TABLES;
/*!40103 SET TIME_ZONE=@OLD_TIME_ZONE */;

/*!40101 SET SQL_MODE=@OLD_SQL_MODE */;
/*!40014 SET FOREIGN_KEY_CHECKS=@OLD_FOREIGN_KEY_CHECKS */;
/*!40014 SET UNIQUE_CHECKS=@OLD_UNIQUE_CHECKS */;
/*!40101 SET CHARACTER_SET_CLIENT=@OLD_CHARACTER_SET_CLIENT */;
/*!40101 SET CHARACTER_SET_RESULTS=@OLD_CHARACTER_SET_RESULTS */;
/*!40101 SET COLLATION_CONNECTION=@OLD_COLLATION_CONNECTION */;
/*!40111 SET SQL_NOTES=@OLD_SQL_NOTES */;

-- Dump completed on 2023-04-05 12:05:03
